scenario,seed,policy,step_limit,final_alive,final_reached,final_avg_exposure,alive_rate,reached_rate,avg_exposure_total,t90_step,t95_step,faculty_reached_rate,staff_reached_rate,reach_rate_gap,top_bottlenecks,persona_part_time_student_reached_rate,persona_part_time_student_count,persona_young_student_reached_rate,persona_young_student_count,persona_student_with_anxiety_reached_rate,persona_student_with_anxiety_count,persona_facilities_staff_reached_rate,persona_facilities_staff_count,persona_visitor_reached_rate,persona_visitor_count,persona_international_student_reached_rate,persona_international_student_count,persona_junior_faculty_reached_rate,persona_junior_faculty_count,persona_senior_faculty_reached_rate,persona_senior_faculty_count,persona_student_athlete_reached_rate,persona_student_athlete_count,persona_staff_admin_reached_rate,persona_staff_admin_count,persona_graduate_student_reached_rate,persona_graduate_student_count,persona_mobility_impaired_reached_rate,persona_mobility_impaired_count,persona_freshman_student_reached_rate,persona_freshman_student_count,persona_campus_security_reached_rate,persona_campus_security_count,persona_prospective_student_with_parent_reached_rate,persona_prospective_student_with_parent_count,persona_research_scientist_reached_rate,persona_research_scientist_count,persona_adjunct_instructor_reached_rate,persona_adjunct_instructor_count,persona_healthcare_staff_reached_rate,persona_healthcare_staff_count,persona_conference_attendee_reached_rate,persona_conference_attendee_count,role_student_reached_rate,role_student_count,role_staff_reached_rate,role_staff_count,role_visitor_reached_rate,role_visitor_count,role_faculty_reached_rate,role_faculty_count,shelter_reassignments,shelter_capacity_enabled,interaction_density_enabled,persona_it_staff_reached_rate,persona_it_staff_count,drqn_unreached_debug
enterprise_blizzard_extreme,20260227,round_robin,600,55,0,28.2174,1.0,0.0,28.2174,,,0.0,0.0,0.0,1832170542->1832170543:1;1832170502->1527763474:1;12053725114->12053725085:1;375499108->375499060:1;1529819318->1529819343:1;1832170543->1832170545:1;6240395058->10213549225:1,0.0,1,0.0,7,0.0,3,0.0,3,0.0,1,0.0,5,0.0,3,0.0,3,0.0,2,0.0,5,0.0,7,0.0,1,0.0,4,0.0,3,0.0,1,0.0,2,0.0,2,0.0,1,0.0,1,0.0,29,0.0,14,0.0,4,0.0,8,0,False,False,,,
enterprise_blizzard_extreme,20260228,round_robin,600,55,0,34.055,1.0,0.0,34.055,,,0.0,0.0,0.0,10125220321->10125220312:2;13368686572->13368686597:1;10125220312->10125220321:1;3225946497->3225946496:1;12954684800->7013708804:1;10125220312->10125220305:1;1478297367->1478297378:1;11383004568->11383014072:1;7013708804->12954684800:1;11383014072->83631086:1,0.0,3,0.0,9,,,0.0,2,,,0.0,5,0.0,1,0.0,5,0.0,3,0.0,4,0.0,6,,,0.0,5,0.0,1,,,0.0,1,0.0,4,0.0,4,0.0,1,0.0,31,0.0,13,0.0,1,0.0,10,0,False,False,0.0,1,
enterprise_blizzard_extreme,20260229,round_robin,600,55,0,34.7048,1.0,0.0,34.7048,,,0.0,0.0,0.0,12499016766->6489536791:2;11403450171->8968966703:1;8119358268->12499016766:1;10566490492->10566490493:1;359405417->83662412:1;6489536791->12499016766:1;13255088023->13255088027:1;8118847074->83550226:1;6677331620->1859112777:1;13255088027->13255088023:1,0.0,1,0.0,10,0.0,1,0.0,2,0.0,1,0.0,1,0.0,5,0.0,3,,,0.0,3,0.0,8,,,0.0,12,,,0.0,1,0.0,2,0.0,1,0.0,1,,,0.0,33,0.0,11,0.0,2,0.0,9,0,False,False,0.0,3,
enterprise_blizzard_extreme,20260230,round_robin,600,55,1,19.0514,1.0,0.0182,19.0514,,,0.0,0.0833,-0.0833,10220116656->10220116657:2;11548117348->11548117347:1;359414083->83643960:1;1519090111->1525511891:1;10276852271->10276852263:1;10220116657->10220116656:1;8072761012->1218569361:1;8118847444->6501386090:1;10220116657->10220116660:1,0.0,3,0.0,7,0.0,2,0.0,3,0.0,2,0.0,4,0.0,4,0.0,6,0.0,1,0.0,2,0.0,10,,,0.0,3,,,,,,,0.0,1,0.0,3,,,0.0,30,0.0833,12,0.0,2,0.0,11,0,False,False,0.25,4,
enterprise_blizzard_extreme,20260231,round_robin,600,55,0,30.0903,1.0,0.0,30.0903,,,0.0,0.0,0.0,83631107->389042395:1;1520496367->1527763449:1;504886732->370753080:1;13255088294->13255088289:1;10566580567->10566580568:1;7289897501->11552825220:1;1527763449->1527763448:1;1527763448->5901281817:1;9448535777->1218569167:1;5901281817->5901281818:1,0.0,1,0.0,8,0.0,1,,,0.0,1,0.0,4,0.0,6,0.0,6,0.0,3,0.0,3,0.0,6,0.0,1,0.0,8,0.0,2,0.0,1,,,0.0,1,0.0,1,0.0,2,0.0,31,0.0,6,0.0,5,0.0,13,0,False,False,,,
enterprise_blizzard_extreme,20260232,round_robin,600,55,0,41.4008,1.0,0.0,41.4008,,,0.0,0.0,0.0,7290039950->7290039948:2;7290039948->7290039950:1;83531876->389006042:1;11004964052->11004964053:1;10218118504->1525539679:1;7290039948->7256597648:1;4119764204->10200584612:1;384769754->1859112777:1;11383004568->11383014072:1;11383014072->83631086:1,0.0,1,0.0,9,0.0,4,,,0.0,1,0.0,1,0.0,2,0.0,8,0.0,3,0.0,6,0.0,8,0.0,2,0.0,5,0.0,3,,,0.0,1,0.0,1,,,,,0.0,31,0.0,10,0.0,3,0.0,11,0,False,False,,,
enterprise_blizzard_extreme,20260233,round_robin,600,55,1,36.3717,1.0,0.0182,36.3717,,,0.0769,0.0,0.0769,509912240->370753080:2;3620750304->12260496868:1;12954702510->12954702516:1;10942772655->1519096935:1;12954702516->12954702515:1;8118847077->6496723767:1;12954702515->11403450185:1;1218569169->6448827254:1;12260496868->3620750304:1;11403450185->12954702515:1,0.0,1,0.0,18,0.0,1,,,0.0,2,0.0,2,0.0,5,0.1667,6,0.0,3,,,0.0,4,,,0.0,6,0.0,1,,,,,0.0,2,0.0,1,,,0.0,35,0.0,5,0.0,2,0.0769,13,0,False,False,0.0,3,
enterprise_blizzard_extreme,20260234,round_robin,600,55,0,5.5493,1.0,0.0,5.5493,,,0.0,0.0,0.0,,0.0,2,0.0,7,0.0,2,0.0,3,0.0,2,0.0,1,0.0,2,0.0,5,,,0.0,5,0.0,6,,,0.0,9,0.0,4,,,0.0,2,0.0,2,0.0,2,0.0,1,0.0,27,0.0,16,0.0,3,0.0,9,0,False,False,,,
enterprise_blizzard_extreme,20260235,round_robin,600,55,1,35.6952,1.0,0.0182,35.6952,,,0.0,0.0,0.0,10218118437->10218118436:1;384753722->1520496367:1;83516871->1524306601:1;1859112777->6677331620:1;10215084891->10215084889:1;11522077155->11522077156:1;1520496367->1527763449:1;6677331620->1859112777:1;6296618609->6296618618:1;83548005->83594552:1,0.0,1,0.0,11,,,0.0,1,,,0.0,5,0.0,3,0.0,5,0.0,3,0.0,6,0.1429,7,0.0,1,0.0,5,,,,,0.0,1,,,0.0,4,,,0.0312,32,0.0,14,0.0,1,0.0,8,0,False,False,0.0,2,
enterprise_blizzard_extreme,20260236,round_robin,600,55,0,9.7773,1.0,0.0,9.7773,,,0.0,0.0,0.0,11404734779->6091460268:1;5901281818->384753722:1;389051886->6861214969:1;1519095181->391639068:1,,,0.0,13,0.0,2,0.0,3,0.0,1,0.0,3,0.0,1,0.0,3,0.0,3,0.0,6,0.0,10,,,0.0,6,0.0,1,0.0,1,,,,,0.0,1,0.0,1,0.0,37,0.0,11,0.0,3,0.0,4,0,False,False,,,
enterprise_blizzard_extreme,20260237,round_robin,600,55,4,555.5485,1.0,0.0727,555.5485,,,0.0,0.0,0.0,1859112777->6677331620:14;6677331620->1859112777:13;11383014072->83631086:6;83631086->11383004564:4;11383004564->11383004568:4;11383004568->11383014072:3;7252947409->7157724544:3;7157724544->7256597640:3;7256597640->7157724539:3;7157724539->7256597645:3,0.0,4,0.2727,11,0.0,5,,,0.0,1,0.2,5,0.0,3,,,,,0.0,2,0.0,7,,,0.0,4,0.0,1,0.0,1,0.0,4,0.0,2,0.0,1,0.0,1,0.1111,36,0.0,11,0.0,3,0.0,5,0,False,False,0.0,3,
enterprise_blizzard_extreme,20260238,round_robin,600,55,0,31.8713,1.0,0.0,31.8713,,,0.0,0.0,0.0,10550594570->10550594572:1;8118847292->8118847289:1;4668463669->504886729:1;11280644411->11280644410:1;8118847289->8118847292:1;2032007175->1530428895:1;10550594572->10550594575:1;10550594575->10550594576:1,0.0,2,0.0,7,0.0,1,,,0.0,2,0.0,5,0.0,3,0.0,3,0.0,3,0.0,2,0.0,6,,,0.0,13,0.0,3,,,0.0,1,0.0,2,0.0,2,,,0.0,37,0.0,8,0.0,2,0.0,8,0,False,False,,,
enterprise_blizzard_extreme,20260239,round_robin,600,55,0,18.0251,1.0,0.0,18.0251,,,0.0,0.0,0.0,375499048->375499070:2,,,0.0,16,0.0,2,0.0,3,0.0,2,0.0,5,0.0,1,0.0,4,0.0,3,0.0,4,0.0,5,,,0.0,6,,,,,0.0,3,,,0.0,1,,,0.0,37,0.0,11,0.0,2,0.0,5,0,False,False,,,
enterprise_blizzard_extreme,20260240,round_robin,600,55,0,24.9346,1.0,0.0,24.9346,,,0.0,0.0,0.0,1529819318->1529819343:1;10550594436->10550594435:1;6983069904->1530225958:1;83551015->83594555:1;1530225890->6448823287:1;1530414013->1530414020:1;1527763521->9739891829:1;1520496415->1520496406:1;83594555->83520513:1;6617367109->6617367108:1,0.0,2,0.0,8,0.0,2,0.0,1,,,0.0,6,0.0,7,0.0,5,0.0,1,0.0,4,0.0,5,,,0.0,7,,,0.0,1,0.0,1,0.0,1,0.0,2,,,0.0,31,0.0,10,0.0,1,0.0,13,0,False,False,0.0,2,
enterprise_blizzard_extreme,20260241,round_robin,600,55,0,10.3072,1.0,0.0,10.3072,,,0.0,0.0,0.0,10215084867->10215084898:1;83574273->83574275:1;7256597638->7256597637:1,,,0.0,11,0.0,1,0.0,2,,,0.0,6,0.0,2,0.0,4,0.0,1,0.0,1,0.0,10,,,0.0,6,0.0,1,0.0,2,0.0,4,0.0,1,,,0.0,1,0.0,35,0.0,10,0.0,3,0.0,7,0,False,False,0.0,2,
enterprise_blizzard_extreme,20260242,round_robin,600,55,1,7.8387,1.0,0.0182,7.8387,,,0.0,0.0667,-0.0667,83558953->389043949:1,0.0,1,0.0,10,,,0.0,3,,,0.0,1,0.0,5,0.0,2,0.0,2,0.2,5,0.0,3,,,0.0,11,0.0,3,,,0.0,2,0.0,2,0.0,2,0.0,3,0.0,28,0.0667,15,0.0,3,0.0,9,0,False,False,,,
enterprise_blizzard_extreme,20260243,round_robin,600,55,0,19.5039,1.0,0.0,19.5039,,,0.0,0.0,0.0,12394873119->12394873109:1;2026718690->2026718693:1;1525441450->1525435943:1;1525462048->1525462051:1;2026718693->6658251933:1,0.0,2,0.0,6,0.0,1,0.0,1,0.0,2,0.0,2,0.0,5,0.0,4,0.0,2,0.0,6,0.0,6,,,0.0,7,0.0,2,,,0.0,1,0.0,2,0.0,1,0.0,1,0.0,26,0.0,15,0.0,3,0.0,11,0,False,False,0.0,4,
enterprise_blizzard_extreme,20260244,round_robin,600,55,8,525.7346,1.0,0.1455,525.7346,,,0.0,0.0833,-0.0833,83561764->1460665007:13;1460665007->83561764:13;5808043281->5808043282:7;5808043282->5808043281:6;11428442638->11548067575:5;11548067575->11428442638:5;83662412->359405417:5;11404640128->384769998:4;1525461646->1525461643:4;1525461643->1658558235:4,0.0,2,0.3333,15,0.5,2,0.0,3,,,0.0,1,0.0,2,0.0,2,,,0.25,4,0.0,11,,,0.0,6,,,1.0,1,0.0,1,0.0,1,0.0,2,,,0.1622,37,0.0833,12,1.0,1,0.0,5,0,False,False,0.0,2,
enterprise_blizzard_extreme,20260245,round_robin,600,55,0,43.6961,1.0,0.0,43.6961,,,0.0,0.0,0.0,7157724492->7157724490:1;83527402->83555624:1;5901281818->384753722:1;11965860197->4016533094:1;83690226->9033512314:1;384769754->1859112777:1;384753722->1520496367:1;1859112777->83631107:1;10554949208->10554949207:1;1520496367->1527763449:1,,,0.0,11,0.0,2,0.0,5,,,0.0,2,0.0,2,0.0,5,0.0,2,0.0,7,0.0,6,,,0.0,7,0.0,1,,,0.0,1,0.0,1,,,,,0.0,30,0.0,17,,,0.0,8,0,False,False,0.0,3,
enterprise_blizzard_extreme,20260246,round_robin,600,55,0,28.9118,1.0,0.0,28.9118,,,0.0,0.0,0.0,375499060->375499048:1;10220116666->10220116665:1;375500188->12342784360:1;8119358121->83547952:1;8893445275->1478297481:1;10215084906->10215084915:1;1529819224->1529819262:1;83541013->83574275:1;83690200->9033512314:1;375499048->375499070:1,0.0,3,0.0,10,0.0,1,0.0,3,0.0,3,0.0,6,0.0,1,0.0,8,0.0,1,0.0,4,0.0,2,,,0.0,7,0.0,1,,,0.0,2,0.0,1,0.0,2,,,0.0,30,0.0,12,0.0,3,0.0,10,0,False,False,,,
enterprise_blizzard_extreme,20260227,nearest,600,55,1,48.6161,1.0,0.0182,48.6161,,,0.0,0.0,0.0,1832170542->1832170543:2;1832170543->1832170542:2;10213549225->10213549220:2;6240395058->10213549225:1;12053725114->12053725085:1;12507265501->12507229797:1;375499108->375499060:1;3225946497->1519096937:1;1218569178->4946474611:1;1529819318->1529819343:1,0.0,1,0.0,7,0.0,3,0.0,3,0.0,1,0.0,5,0.0,3,0.0,3,0.5,2,0.0,5,0.0,7,0.0,1,0.0,4,0.0,3,0.0,1,0.0,2,0.0,2,0.0,1,0.0,1,0.0345,29,0.0,14,0.0,4,0.0,8,0,False,False,,,
enterprise_blizzard_extreme,20260228,nearest,600,55,1,32.137,1.0,0.0182,32.137,,,0.0,0.0769,-0.0769,10125220321->10125220312:2;13368686572->13368686597:1;1478297367->1478297373:1;11383004568->11383014089:1;10125220312->10125220321:1;13368686597->13368686573:1;10200584552->10200584551:1;12954684800->7013708804:1;10200584551->1529819106:1;10565223847->11812718469:1,0.0,3,0.0,9,,,0.5,2,,,0.0,5,0.0,1,0.0,5,0.0,3,0.0,4,0.0,6,,,0.0,5,0.0,1,,,0.0,1,0.0,4,0.0,4,0.0,1,0.0,31,0.0769,13,0.0,1,0.0,10,0,False,False,0.0,1,
enterprise_blizzard_extreme,20260229,nearest,600,55,0,33.9245,1.0,0.0,33.9245,,,0.0,0.0,0.0,12499016766->6489536791:2;11403450171->8968966703:1;8119358268->12499016766:1;10566490492->10566490493:1;359405417->83662412:1;6489536791->12499016766:1;13255088023->13255088027:1;8118847074->83550226:1;6677331620->1859112777:1;13255088027->13255088023:1,0.0,1,0.0,10,0.0,1,0.0,2,0.0,1,0.0,1,0.0,5,0.0,3,,,0.0,3,0.0,8,,,0.0,12,,,0.0,1,0.0,2,0.0,1,0.0,1,,,0.0,33,0.0,11,0.0,2,0.0,9,0,False,False,0.0,3,
enterprise_blizzard_extreme,20260230,nearest,600,55,1,17.7848,1.0,0.0182,17.7848,,,0.0,0.0833,-0.0833,11548117348->11548117347:1;10276852271->10276852263:1;359414083->83643960:1;13199976131->4374241287:1;8072761012->1218569361:1;375499048->375499070:1;1218569361->1218569143:1,0.0,3,0.0,7,0.0,2,0.0,3,0.0,2,0.0,4,0.0,4,0.0,6,0.0,1,0.0,2,0.0,10,,,0.0,3,,,,,,,0.0,1,0.0,3,,,0.0,30,0.0833,12,0.0,2,0.0,11,0,False,False,0.25,4,
enterprise_blizzard_extreme,20260231,nearest,600,55,0,64.1671,1.0,0.0,64.1671,,,0.0,0.0,0.0,1520496367->1527763449:2;11383004568->11383014072:2;11383014072->83631086:2;83631107->389042395:1;504886732->370753080:1;13255088294->13255088289:1;10566580567->13276899743:1;7289897501->11552825220:1;4498840816->4498840832:1;10550594576->10550594575:1,0.0,1,0.0,8,0.0,1,,,0.0,1,0.0,4,0.0,6,0.0,6,0.0,3,0.0,3,0.0,6,0.0,1,0.0,8,0.0,2,0.0,1,,,0.0,1,0.0,1,0.0,2,0.0,31,0.0,6,0.0,5,0.0,13,0,False,False,,,
enterprise_blizzard_extreme,20260232,nearest,600,55,0,41.282,1.0,0.0,41.282,,,0.0,0.0,0.0,7290039950->7290039948:2;7290039948->7290039950:1;83531876->389006042:1;11004964052->11004964053:1;10218118504->1525539679:1;7290039948->7256597648:1;4119764204->10200584612:1;384769754->1859112777:1;11383004568->11383014072:1;11383014072->83631086:1,0.0,1,0.0,9,0.0,4,,,0.0,1,0.0,1,0.0,2,0.0,8,0.0,3,0.0,6,0.0,8,0.0,2,0.0,5,0.0,3,,,0.0,1,0.0,1,,,,,0.0,31,0.0,10,0.0,3,0.0,11,0,False,False,,,
enterprise_blizzard_extreme,20260233,nearest,600,55,2,5.9777,1.0,0.0364,5.9777,,,0.0769,0.0,0.0769,,0.0,1,0.0556,18,0.0,1,,,0.0,2,0.0,2,0.0,5,0.1667,6,0.0,3,,,0.0,4,,,0.0,6,0.0,1,,,,,0.0,2,0.0,1,,,0.0286,35,0.0,5,0.0,2,0.0769,13,0,False,False,0.0,3,
enterprise_blizzard_extreme,20260234,nearest,600,55,0,5.6025,1.0,0.0,5.6025,,,0.0,0.0,0.0,,0.0,2,0.0,7,0.0,2,0.0,3,0.0,2,0.0,1,0.0,2,0.0,5,,,0.0,5,0.0,6,,,0.0,9,0.0,4,,,0.0,2,0.0,2,0.0,2,0.0,1,0.0,27,0.0,16,0.0,3,0.0,9,0,False,False,,,
enterprise_blizzard_extreme,20260235,nearest,600,55,1,16.6854,1.0,0.0182,16.6854,,,0.0,0.0714,-0.0714,10218118437->10218118436:1;384753722->1520496367:1;83516871->1524306601:1;6296618609->6296618618:1;11522077155->11522077156:1;10215084891->10215084889:1,0.0,1,0.0,11,,,0.0,1,,,0.0,5,0.0,3,0.0,5,0.0,3,0.1667,6,0.0,7,0.0,1,0.0,5,,,,,0.0,1,,,0.0,4,,,0.0,32,0.0714,14,0.0,1,0.0,8,0,False,False,0.0,2,
enterprise_blizzard_extreme,20260236,nearest,600,55,13,498.0039,1.0,0.2364,498.0039,,,0.0,0.0909,-0.0909,5271377472->8118847169:6;8118847169->5271377472:5;9448535777->1218569167:4;1218569167->9448535778:4;9448535778->1218569149:4;83599610->83690226:4;83690226->9033512314:4;9033512314->1585057903:4;11963951766->11963951767:4;83583408->83641492:3,,,0.6923,13,0.5,2,0.0,3,0.0,1,0.0,3,0.0,1,0.0,3,0.0,3,0.1667,6,0.0,10,,,0.1667,6,0.0,1,1.0,1,,,,,0.0,1,0.0,1,0.2973,37,0.0909,11,0.3333,3,0.0,4,0,False,False,,,
enterprise_blizzard_extreme,20260237,nearest,600,55,0,43.7611,1.0,0.0,43.7611,,,0.0,0.0,0.0,11383014089->11812718884:1;11812718884->11383014084:1;10200387258->10200387256:1;11383014072->83631086:1;83631086->11383004564:1;11383004564->11383004568:1;1529819318->1529819343:1;11383014084->11811063447:1;384753722->1520496352:1;7673087154->389016214:1,0.0,4,0.0,11,0.0,5,,,0.0,1,0.0,5,0.0,3,,,,,0.0,2,0.0,7,,,0.0,4,0.0,1,0.0,1,0.0,4,0.0,2,0.0,1,0.0,1,0.0,36,0.0,11,0.0,3,0.0,5,0,False,False,0.0,3,
enterprise_blizzard_extreme,20260238,nearest,600,55,0,16.7018,1.0,0.0,16.7018,,,0.0,0.0,0.0,10550594570->10550594572:1;4668463669->504886729:1;11280644411->11280644410:1,0.0,2,0.0,7,0.0,1,,,0.0,2,0.0,5,0.0,3,0.0,3,0.0,3,0.0,2,0.0,6,,,0.0,13,0.0,3,,,0.0,1,0.0,2,0.0,2,,,0.0,37,0.0,8,0.0,2,0.0,8,0,False,False,,,
enterprise_blizzard_extreme,20260239,nearest,600,55,0,18.0068,1.0,0.0,18.0068,,,0.0,0.0,0.0,375499048->375499070:2;8072761015->8072761012:1,,,0.0,16,0.0,2,0.0,3,0.0,2,0.0,5,0.0,1,0.0,4,0.0,3,0.0,4,0.0,5,,,0.0,6,,,,,0.0,3,,,0.0,1,,,0.0,37,0.0,11,0.0,2,0.0,5,0,False,False,,,
enterprise_blizzard_extreme,20260240,nearest,600,55,0,24.9361,1.0,0.0,24.9361,,,0.0,0.0,0.0,1529819318->1529819343:1;10550594436->10550594435:1;6983069904->1530225958:1;83551015->83594555:1;1530225890->6448823287:1;1530414013->1530414020:1;1527763521->9739891829:1;1520496415->1520496406:1;83594555->83520513:1;6617367109->6617367108:1,0.0,2,0.0,8,0.0,2,0.0,1,,,0.0,6,0.0,7,0.0,5,0.0,1,0.0,4,0.0,5,,,0.0,7,,,0.0,1,0.0,1,0.0,1,0.0,2,,,0.0,31,0.0,10,0.0,1,0.0,13,0,False,False,0.0,2,
enterprise_blizzard_extreme,20260241,nearest,600,55,0,10.3072,1.0,0.0,10.3072,,,0.0,0.0,0.0,10215084867->10215084898:1;83574273->83574275:1;7256597638->7256597637:1,,,0.0,11,0.0,1,0.0,2,,,0.0,6,0.0,2,0.0,4,0.0,1,0.0,1,0.0,10,,,0.0,6,0.0,1,0.0,2,0.0,4,0.0,1,,,0.0,1,0.0,35,0.0,10,0.0,3,0.0,7,0,False,False,0.0,2,
enterprise_blizzard_extreme,20260242,nearest,600,55,1,7.9443,1.0,0.0182,7.9443,,,0.0,0.0667,-0.0667,83558953->389043949:1,0.0,1,0.0,10,,,0.0,3,,,0.0,1,0.0,5,0.0,2,0.0,2,0.2,5,0.0,3,,,0.0,11,0.0,3,,,0.0,2,0.0,2,0.0,2,0.0,3,0.0,28,0.0667,15,0.0,3,0.0,9,0,False,False,,,
enterprise_blizzard_extreme,20260243,nearest,600,55,0,66.2608,1.0,0.0,66.2608,,,0.0,0.0,0.0,12394873119->12394873109:4;12394873109->12394873119:3;2026718690->2026718693:2;1525441450->1525435943:2;2026718693->2026718690:2;1525462048->1525462051:1;7011373330->7252947442:1;10125220350->10125220357:1;7252947442->7255587396:1;1525435943->1525441450:1,0.0,2,0.0,6,0.0,1,0.0,1,0.0,2,0.0,2,0.0,5,0.0,4,0.0,2,0.0,6,0.0,6,,,0.0,7,0.0,2,,,0.0,1,0.0,2,0.0,1,0.0,1,0.0,26,0.0,15,0.0,3,0.0,11,0,False,False,0.0,4,
enterprise_blizzard_extreme,20260244,nearest,600,55,1,27.1001,1.0,0.0182,27.1001,,,0.0,0.0833,-0.0833,1527763448->5901281817:1;5271377429->8118847283:1;7290039964->7157724578:1;11428442638->11548067575:1;5901281817->1832170468:1;11548067575->11428442638:1;83561764->1460665007:1;3620750337->5691979581:1,0.0,2,0.0,15,0.0,2,0.0,3,,,0.0,1,0.0,2,0.0,2,,,0.25,4,0.0,11,,,0.0,6,,,0.0,1,0.0,1,0.0,1,0.0,2,,,0.0,37,0.0833,12,0.0,1,0.0,5,0,False,False,0.0,2,
enterprise_blizzard_extreme,20260245,nearest,600,55,0,30.758,1.0,0.0,30.758,,,0.0,0.0,0.0,7157724492->7157724490:1;83527402->83555624:1;11897468713->7252947953:1;384769754->1859112777:1;1859112777->83631107:1;11965860197->4016533094:1;8118847286->5271377938:1;3531672561->7289897523:1;2026701056->2026701044:1,,,0.0,11,0.0,2,0.0,5,,,0.0,2,0.0,2,0.0,5,0.0,2,0.0,7,0.0,6,,,0.0,7,0.0,1,,,0.0,1,0.0,1,,,,,0.0,30,0.0,17,,,0.0,8,0,False,False,0.0,3,
enterprise_blizzard_extreme,20260246,nearest,600,55,0,28.8913,1.0,0.0,28.8913,,,0.0,0.0,0.0,375499060->375499048:1;10220116666->10220116665:1;375500188->12342784360:1;8119358121->83547952:1;8893445275->1478297481:1;10215084906->10215084915:1;1529819224->1529819262:1;83541013->83574275:1;83690200->9033512314:1;375499048->375499070:1,0.0,3,0.0,10,0.0,1,0.0,3,0.0,3,0.0,6,0.0,1,0.0,8,0.0,1,0.0,4,0.0,2,,,0.0,7,0.0,1,,,0.0,2,0.0,1,0.0,2,,,0.0,30,0.0,12,0.0,3,0.0,10,0,False,False,,,
enterprise_blizzard_extreme,20260227,drqn,600,55,20,60.0828,1.0,0.3636,60.0828,,,0.375,0.4286,-0.0536,12507265504->12507265505:129;12507265505->12507265504:129;7157724718->5975149465:67;5975149465->7157724718:67;12053725114->12053677158:59;12053677158->12053725114:59;83693879->83555624:52;83555624->83693879:51;1530249024->6983068162:49;6983068162->1530249024:48,0.0,1,0.4286,7,0.0,3,0.3333,3,1.0,1,0.2,5,1.0,3,0.0,3,0.5,2,0.8,5,0.5714,7,1.0,1,0.0,4,0.0,3,0.0,1,0.5,2,0.0,2,0.0,1,0.0,1,0.3103,29,0.4286,14,0.5,4,0.375,8,0,False,False,,,"[{'agent_id': 1, 'node': 12507265616, 'goal': 11048144375, 'current_target': 11048144375, 'committed_next': None, 'candidates': [], 'q_values': [-141.00527954101562, -144.4021453857422, -141.43218994140625, -144.97879028320312, -142.03927612304688, -112.83258819580078, -99.63216400146484, -0.19599367678165436, 0.008477136492729187], 'masked_q_values': [-141.00527954101562, -1000000000.0, -1000000000.0, -1000000000.0, -1000000000.0, -1000000000.0, -1000000000.0, -1000000000.0, -1000000000.0], 'action_mask': [1, 0, 0, 0, 0, 0, 0, 0, 0], 'density_penalties': {}}, {'agent_id': 2, 'node': 12601745433, 'goal': 7118760379, 'current_target': 7118760379, 'committed_next': None, 'candidates': [], 'q_values': [-29.450225830078125, -26.7587890625, -28.917558670043945, -32.798614501953125, -27.954029083251953, -17.0880126953125, -17.738977432250977, -0.8143786191940308, 0.22831712663173676], 'masked_q_values': [-29.450225830078125, -1000000000.0, -1000000000.0, -1000000000.0, -1000000000.0, -1000000000.0, -1000000000.0, -1000000000.0, -1000000000.0], 'action_mask': [1, 0, 0, 0, 0, 0, 0, 0, 0], 'density_penalties': {}}, {'agent_id': 3, 'node': 1530207227, 'goal': 10216185939, 'current_target': 10216185939, 'committed_next': None, 'candidates': [], 'q_values': [51.619808197021484, 55.215633392333984, 55.437801361083984, 55.512481689453125, 57.42605972290039, 42.82345199584961, 40.19141387939453, -1.0652984380722046, 0.23130272328853607], 'masked_q_values': [51.619808197021484, -1000000000.0, -1000000000.0, -1000000000.0, -1000000000.0, -1000000000.0, -1000000000.0, -1000000000.0, -1000000000.0], 'action_mask': [1, 0, 0, 0, 0, 0, 0, 0, 0], 'density_penalties': {}}, {'agent_id': 4, 'node': 10566490492, 'goal': 11406519909, 'current_target': 11406519909, 'committed_next': None, 'candidates': [], 'q_values': [-147.09791564941406, -150.66041564941406, -147.5132598876953, -150.03890991210938, -147.02719116210938, -117.48229217529297, -104.24112701416016, -0.2760266065597534, -0.0562068372964859], 'masked_q_values': [-147.09791564941406, -1000000000.0, -1000000000.0, -1000000000.0, -1000000000.0, -1000000000.0, -1000000000.0, -1000000000.0, -1000000000.0], 'action_mask': [1, 0, 0, 0, 0, 0, 0, 0, 0], 'density_penalties': {}}, {'agent_id': 6, 'node': 1525704958, 'goal': 11406519909, 'current_target': 11406519909, 'committed_next': None, 'candidates': [], 'q_values': [-142.3321533203125, -144.9850616455078, -142.4119110107422, -145.25390625, -142.21612548828125, -113.74906921386719, -101.40000915527344, -0.24291262030601501, -0.010547682642936707], 'masked_q_values': [-142.3321533203125, -1000000000.0, -1000000000.0, -1000000000.0, -1000000000.0, -1000000000.0, -1000000000.0, -1000000000.0, -1000000000.0], 'action_mask': [1, 0, 0, 0, 0, 0, 0, 0, 0], 'density_penalties': {}}, {'agent_id': 8, 'node': 12507265504, 'goal': 11048144375, 'current_target': 11048144375, 'committed_next': None, 'candidates': [], 'q_values': [-141.48587036132812, -145.1599884033203, -141.67645263671875, -145.00860595703125, -142.3231201171875, -112.99449920654297, -100.68047332763672, -0.20965930819511414, -0.03862158954143524], 'masked_q_values': [-141.48587036132812, -1000000000.0, -1000000000.0, -1000000000.0, -1000000000.0, -1000000000.0, -1000000000.0, -1000000000.0, -1000000000.0], 'action_mask': [1, 0, 0, 0, 0, 0, 0, 0, 0], 'density_penalties': {}}, {'agent_id': 9, 'node': 6024492385, 'goal': 11048144375, 'current_target': 11048144375, 'committed_next': None, 'candidates': [], 'q_values': [-144.18344116210938, -147.55850219726562, -144.36964416503906, -146.67892456054688, -144.2393035888672, -115.39046478271484, -101.78585052490234, -0.20612497627735138, -0.025543227791786194], 'masked_q_values': [-144.18344116210938, -1000000000.0, -1000000000.0, -1000000000.0, -1000000000.0, -1000000000.0, -1000000000.0, -1000000000.0, -1000000000.0], 'action_mask': [1, 0, 0, 0, 0, 0, 0, 0, 0], 'density_penalties': {}}, {'agent_id': 11, 'node': 10213504914, 'goal': 8580601234, 'current_target': 8580601234, 'committed_next': None, 'candidates': [], 'q_values': [-146.56466674804688, -149.93641662597656, -146.92489624023438, -149.36001586914062, -146.68438720703125, -117.60808563232422, -103.25118255615234, -0.23074159026145935, -0.0035470277070999146], 'masked_q_values': [-146.56466674804688, -1000000000.0, -1000000000.0, -1000000000.0, -1000000000.0, -1000000000.0, -1000000000.0, -1000000000.0, -1000000000.0], 'action_mask': [1, 0, 0, 0, 0, 0, 0, 0, 0], 'density_penalties': {}}, {'agent_id': 12, 'node': 10566490492, 'goal': 11406519909, 'current_target': 11406519909, 'committed_next': None, 'candidates': [], 'q_values': [-147.0555877685547, -150.61456298828125, -147.46209716796875, -149.99288940429688, -146.99368286132812, -117.46955108642578, -104.21102142333984, -0.274801105260849, -0.05699409544467926], 'masked_q_values': [-147.0555877685547, -1000000000.0, -1000000000.0, -1000000000.0, -1000000000.0, -1000000000.0, -1000000000.0, -1000000000.0, -1000000000.0], 'action_mask': [1, 0, 0, 0, 0, 0, 0, 0, 0], 'density_penalties': {}}, {'agent_id': 20, 'node': 12507265504, 'goal': 11048144375, 'current_target': 11048144375, 'committed_next': None, 'candidates': [], 'q_values': [-142.56448364257812, -146.2614288330078, -142.60418701171875, -145.9252471923828, -143.181396484375, -113.77800750732422, -101.3932113647461, -0.1947723776102066, -0.03238348662853241], 'masked_q_values': [-142.56448364257812, -1000000000.0, -1000000000.0, -1000000000.0, -1000000000.0, -1000000000.0, -1000000000.0, -1000000000.0, -1000000000.0], 'action_mask': [1, 0, 0, 0, 0, 0, 0, 0, 0], 'density_penalties': {}}, {'agent_id': 21, 'node': 6617367124, 'goal': 8580601234, 'current_target': 8580601234, 'committed_next': None, 'candidates': [], 'q_values': [-152.931640625, -156.6605682373047, -153.2821044921875, -155.70352172851562, -152.7397003173828, -122.5441665649414, -108.26107025146484, -0.31874269247055054, 0.07048662006855011], 'masked_q_values': [-152.931640625, -1000000000.0, -1000000000.0, -1000000000.0, -1000000000.0, -1000000000.0, -1000000000.0, -1000000000.0, -1000000000.0], 'action_mask': [1, 0, 0, 0, 0, 0, 0, 0, 0], 'density_penalties': {}}, {'agent_id': 23, 'node': 12053725114, 'goal': 11048144375, 'current_target': 11048144375, 'committed_next': None, 'candidates': [], 'q_values': [-142.18597412109375, -145.7499542236328, -142.21888732910156, -145.26483154296875, -142.6892852783203, -113.51696014404297, -100.96207427978516, -0.20334088802337646, -0.07630471885204315], 'masked_q_values': [-142.18597412109375, -1000000000.0, -1000000000.0, -1000000000.0, -1000000000.0, -1000000000.0, -1000000000.0, -1000000000.0, -1000000000.0], 'action_mask': [1, 0, 0, 0, 0, 0, 0, 0, 0], 'density_penalties': {}}, {'agent_id': 24, 'node': 11963957132, 'goal': 7118760379, 'current_target': 7118760379, 'committed_next': None, 'candidates': [], 'q_values': [-146.6260986328125, -150.0814666748047, -147.27272033691406, -149.3079833984375, -146.805419921875, -117.57770538330078, -103.3414077758789, -0.2889728546142578, -0.029604032635688782], 'masked_q_values': [-146.6260986328125, -1000000000.0, -1000000000.0, -1000000000.0, -1000000000.0, -1000000000.0, -1000000000.0, -1000000000.0, -1000000000.0], 'action_mask': [1, 0, 0, 0, 0, 0, 0, 0, 0], 'density_penalties': {}}, {'agent_id': 25, 'node': 7157724718, 'goal': 10216185939, 'current_target': 10216185939, 'committed_next': None, 'candidates': [], 'q_values': [-65.05799102783203, -62.46528625488281, -62.11406326293945, -66.23992156982422, -61.72223663330078, -46.96225357055664, -43.55076217651367, -0.5811092853546143, 0.600037693977356], 'masked_q_values': [-65.05799102783203, -1000000000.0, -1000000000.0, -1000000000.0, -1000000000.0, -1000000000.0, -1000000000.0, -1000000000.0, -1000000000.0], 'action_mask': [1, 0, 0, 0, 0, 0, 0, 0, 0], 'density_penalties': {}}, {'agent_id': 26, 'node': 1530225519, 'goal': 11048144375, 'current_target': 11048144375, 'committed_next': None, 'candidates': [], 'q_values': [-134.58763122558594, -137.7262725830078, -135.1259002685547, -138.84300231933594, -135.62550354003906, -107.78311920166016, -96.02456665039062, -0.27108538150787354, -0.05245833098888397], 'masked_q_values': [-134.58763122558594, -1000000000.0, -1000000000.0, -1000000000.0, -1000000000.0, -1000000000.0, -1000000000.0, -1000000000.0, -1000000000.0], 'action_mask': [1, 0, 0, 0, 0, 0, 0, 0, 0], 'density_penalties': {}}, {'agent_id': 29, 'node': 11353322023, 'goal': 11406519909, 'current_target': 11406519909, 'committed_next': None, 'candidates': [], 'q_values': [-146.86720275878906, -150.3394317626953, -147.3409881591797, -149.42575073242188, -146.82537841796875, -117.70386505126953, -103.6534423828125, -0.247249573469162, 0.022768273949623108], 'masked_q_values': [-146.86720275878906, -1000000000.0, -1000000000.0, -1000000000.0, -1000000000.0, -1000000000.0, -1000000000.0, -1000000000.0, -1000000000.0], 'action_mask': [1, 0, 0, 0, 0, 0, 0, 0, 0], 'density_penalties': {}}, {'agent_id': 32, 'node': 12507265504, 'goal': 11048144375, 'current_target': 11048144375, 'committed_next': None, 'candidates': [], 'q_values': [-142.55075073242188, -146.25302124023438, -142.59439086914062, -145.9320831298828, -143.1827392578125, -113.78247833251953, -101.40630340576172, -0.19706882536411285, -0.036296650767326355], 'masked_q_values': [-142.55075073242188, -1000000000.0, -1000000000.0, -1000000000.0, -1000000000.0, -1000000000.0, -1000000000.0, -1000000000.0, -1000000000.0], 'action_mask': [1, 0, 0, 0, 0, 0, 0, 0, 0], 'density_penalties': {}}, {'agent_id': 34, 'node': 1526930686, 'goal': 11406519909, 'current_target': 11406519909, 'committed_next': None, 'candidates': [], 'q_values': [-148.95401000976562, -152.39585876464844, -149.10275268554688, -151.64950561523438, -148.8810272216797, -119.16868591308594, -105.30979919433594, -0.2261066436767578, 0.039064034819602966], 'masked_q_values': [-148.95401000976562, -1000000000.0, -1000000000.0, -1000000000.0, -1000000000.0, -1000000000.0, -1000000000.0, -1000000000.0, -1000000000.0], 'action_mask': [1, 0, 0, 0, 0, 0, 0, 0, 0], 'density_penalties': {}}, {'agent_id': 36, 'node': 6983068162, 'goal': 13195940221, 'current_target': 13195940221, 'committed_next': None, 'candidates': [], 'q_values': [71.53392791748047, 74.0478744506836, 72.87345886230469, 74.49992370605469, 77.2103500366211, 55.983970642089844, 54.102317810058594, -0.7381731271743774, 0.38152289390563965], 'masked_q_values': [71.53392791748047, -1000000000.0, -1000000000.0, -1000000000.0, -1000000000.0, -1000000000.0, -1000000000.0, -1000000000.0, -1000000000.0], 'action_mask': [1, 0, 0, 0, 0, 0, 0, 0, 0], 'density_penalties': {}}, {'agent_id': 38, 'node': 5968045253, 'goal': 11406519909, 'current_target': 11406519909, 'committed_next': None, 'candidates': [], 'q_values': [-146.5115509033203, -150.1212615966797, -146.86727905273438, -149.55943298339844, -146.5341796875, -117.0099868774414, -104.05309295654297, -0.27447372674942017, -0.07029683887958527], 'masked_q_values': [-146.5115509033203, -1000000000.0, -1000000000.0, -1000000000.0, -1000000000.0, -1000000000.0, -1000000000.0, -1000000000.0, -1000000000.0], 'action_mask': [1, 0, 0, 0, 0, 0, 0, 0, 0], 'density_penalties': {}}, {'agent_id': 39, 'node': 11626217462, 'goal': 11048144375, 'current_target': 11048144375, 'committed_next': None, 'candidates': [], 'q_values': [-134.19784545898438, -137.5644989013672, -134.73696899414062, -139.05288696289062, -135.3900146484375, -107.00817108154297, -95.36664581298828, -0.23293904960155487, -0.06740511953830719], 'masked_q_values': [-134.19784545898438, -1000000000.0, -1000000000.0, -1000000000.0, -1000000000.0, -1000000000.0, -1000000000.0, -1000000000.0, -1000000000.0], 'action_mask': [1, 0, 0, 0, 0, 0, 0, 0, 0], 'density_penalties': {}}]"
enterprise_blizzard_extreme,20260228,drqn,600,55,28,39.4294,1.0,0.5091,39.4294,,,0.7,0.6154,0.0846,4668463671->8118847218:64;8118847218->4668463671:63;5271377491->5271377487:49;7157724676->11541177691:48;11541177691->7157724676:48;5271377487->5271377491:48;7252947414->7157724485:41;7157724485->7252947414:41;7466241870->7466241876:39;7466241876->7466241870:39,0.3333,3,0.4444,9,,,1.0,2,,,0.4,5,0.0,1,0.8,5,0.3333,3,0.75,4,0.5,6,,,0.4,5,0.0,1,,,0.0,1,0.75,4,0.75,4,0.0,1,0.4194,31,0.6154,13,0.0,1,0.7,10,0,False,False,0.0,1,"[{'agent_id': 1, 'node': 7157724545, 'goal': 1530414069, 'current_target': 1530414069, 'committed_next': None, 'candidates': [], 'q_values': [-143.8833465576172, -147.4864959716797, -144.19903564453125, -146.5523681640625, -143.38430786132812, -114.62153625488281, -101.859619140625, -0.35631099343299866, -0.08366836607456207], 'masked_q_values': [-143.8833465576172, -1000000000.0, -1000000000.0, -1000000000.0, -1000000000.0, -1000000000.0, -1000000000.0, -1000000000.0, -1000000000.0], 'action_mask': [1, 0, 0, 0, 0, 0, 0, 0, 0], 'density_penalties': {}}, {'agent_id': 2, 'node': 10701449273, 'goal': 1530457233, 'current_target': 1530457233, 'committed_next': None, 'candidates': [], 'q_values': [-119.87789916992188, -121.69878387451172, -119.03807830810547, -120.19847106933594, -118.61150360107422, -96.68585968017578, -84.99714660644531, -0.2684776186943054, 0.08019600808620453], 'masked_q_values': [-119.87789916992188, -1000000000.0, -1000000000.0, -1000000000.0, -1000000000.0, -1000000000.0, -1000000000.0, -1000000000.0, -1000000000.0], 'action_mask': [1, 0, 0, 0, 0, 0, 0, 0, 0], 'density_penalties': {}}, {'agent_id': 3, 'node': 7157724696, 'goal': 1530414069, 'current_target': 1530414069, 'committed_next': None, 'candidates': [], 'q_values': [29.753734588623047, 34.04237365722656, 30.93754768371582, 27.63907814025879, 29.632152557373047, 23.556110382080078, 22.794504165649414, -1.175432801246643, 0.0019376128911972046], 'masked_q_values': [29.753734588623047, -1000000000.0, -1000000000.0, -1000000000.0, -1000000000.0, -1000000000.0, -1000000000.0, -1000000000.0, -1000000000.0], 'action_mask': [1, 0, 0, 0, 0, 0, 0, 0, 0], 'density_penalties': {}}, {'agent_id': 9, 'node': 7252947414, 'goal': 1530457233, 'current_target': 1530457233, 'committed_next': None, 'candidates': [], 'q_values': [-143.89852905273438, -147.31356811523438, -143.99008178710938, -146.34524536132812, -142.97714233398438, -114.18622589111328, -101.8800048828125, -0.3316868543624878, -0.04862774908542633], 'masked_q_values': [-143.89852905273438, -1000000000.0, -1000000000.0, -1000000000.0, -1000000000.0, -1000000000.0, -1000000000.0, -1000000000.0, -1000000000.0], 'action_mask': [1, 0, 0, 0, 0, 0, 0, 0, 0], 'density_penalties': {}}, {'agent_id': 10, 'node': 11256530519, 'goal': 6620830789, 'current_target': 6620830789, 'committed_next': None, 'candidates': [], 'q_values': [-131.6734161376953, -134.72682189941406, -131.65579223632812, -133.8209991455078, -131.19964599609375, -104.71505737304688, -92.23323822021484, -0.3116522431373596, -0.16920681297779083], 'masked_q_values': [-131.6734161376953, -1000000000.0, -1000000000.0, -1000000000.0, -1000000000.0, -1000000000.0, -1000000000.0, -1000000000.0, -1000000000.0], 'action_mask': [1, 0, 0, 0, 0, 0, 0, 0, 0], 'density_penalties': {}}, {'agent_id': 17, 'node': 7289897514, 'goal': 1525526361, 'current_target': 1525526361, 'committed_next': None, 'candidates': [], 'q_values': [-70.62289428710938, -68.64824676513672, -67.93989562988281, -71.54645538330078, -67.25723266601562, -52.59953689575195, -47.64128875732422, -0.5561121702194214, 0.6009088754653931], 'masked_q_values': [-70.62289428710938, -1000000000.0, -1000000000.0, -1000000000.0, -1000000000.0, -1000000000.0, -1000000000.0, -1000000000.0, -1000000000.0], 'action_mask': [1, 0, 0, 0, 0, 0, 0, 0, 0], 'density_penalties': {}}, {'agent_id': 19, 'node': 4672953781, 'goal': 1525526361, 'current_target': 1525526361, 'committed_next': None, 'candidates': [], 'q_values': [-139.06451416015625, -142.42625427246094, -139.35952758789062, -141.701416015625, -138.78094482421875, -110.81230926513672, -98.05094146728516, -0.28823715448379517, -0.139948770403862], 'masked_q_values': [-139.06451416015625, -1000000000.0, -1000000000.0, -1000000000.0, -1000000000.0, -1000000000.0, -1000000000.0, -1000000000.0, -1000000000.0], 'action_mask': [1, 0, 0, 0, 0, 0, 0, 0, 0], 'density_penalties': {}}, {'agent_id': 22, 'node': 5271377487, 'goal': 6620830789, 'current_target': 6620830789, 'committed_next': None, 'candidates': [], 'q_values': [88.9991683959961, 92.52136993408203, 90.40769958496094, 91.57776641845703, 94.74153900146484, 68.60980224609375, 67.81725311279297, -0.7519327402114868, 0.2781379222869873], 'masked_q_values': [88.9991683959961, -1000000000.0, -1000000000.0, -1000000000.0, -1000000000.0, -1000000000.0, -1000000000.0, -1000000000.0, -1000000000.0], 'action_mask': [1, 0, 0, 0, 0, 0, 0, 0, 0], 'density_penalties': {}}, {'agent_id': 23, 'node': 10269099229, 'goal': 1525526361, 'current_target': 1525526361, 'committed_next': None, 'candidates': [], 'q_values': [-119.98778533935547, -122.25635528564453, -119.76036071777344, -120.80683898925781, -118.84813690185547, -95.81404113769531, -83.06343078613281, -0.3428283929824829, -0.16367392241954803], 'masked_q_values': [-119.98778533935547, -1000000000.0, -1000000000.0, -1000000000.0, -1000000000.0, -1000000000.0, -1000000000.0, -1000000000.0, -1000000000.0], 'action_mask': [1, 0, 0, 0, 0, 0, 0, 0, 0], 'density_penalties': {}}, {'agent_id': 24, 'node': 5271377468, 'goal': 1530414069, 'current_target': 1530414069, 'committed_next': None, 'candidates': [], 'q_values': [-102.4616928100586, -102.70816040039062, -101.95858764648438, -102.29711151123047, -99.4955062866211, -80.11771392822266, -71.52606964111328, -0.30487799644470215, 0.40013736486434937], 'masked_q_values': [-102.4616928100586, -1000000000.0, -1000000000.0, -1000000000.0, -1000000000.0, -1000000000.0, -1000000000.0, -1000000000.0, -1000000000.0], 'action_mask': [1, 0, 0, 0, 0, 0, 0, 0, 0], 'density_penalties': {}}, {'agent_id': 26, 'node': 8118847219, 'goal': 1400544674, 'current_target': 1400544674, 'committed_next': None, 'candidates': [], 'q_values': [-131.3743896484375, -133.3408660888672, -131.358642578125, -133.56854248046875, -131.0482635498047, -104.4297866821289, -93.72052001953125, -0.2226913720369339, 0.03865949809551239], 'masked_q_values': [-131.3743896484375, -1000000000.0, -1000000000.0, -1000000000.0, -1000000000.0, -1000000000.0, -1000000000.0, -1000000000.0, -1000000000.0], 'action_mask': [1, 0, 0, 0, 0, 0, 0, 0, 0], 'density_penalties': {}}, {'agent_id': 38, 'node': 5271377468, 'goal': 1525526361, 'current_target': 1525526361, 'committed_next': None, 'candidates': [], 'q_values': [102.98584747314453, 107.41632843017578, 102.8540267944336, 103.92755889892578, 106.78484344482422, 77.75415802001953, 77.18311309814453, -0.6437593698501587, 0.3542124629020691], 'masked_q_values': [102.98584747314453, -1000000000.0, -1000000000.0, -1000000000.0, -1000000000.0, -1000000000.0, -1000000000.0, -1000000000.0, -1000000000.0], 'action_mask': [1, 0, 0, 0, 0, 0, 0, 0, 0], 'density_penalties': {}}, {'agent_id': 39, 'node': 10276649980, 'goal': 1525526361, 'current_target': 1525526361, 'committed_next': None, 'candidates': [], 'q_values': [-130.19677734375, -132.89744567871094, -130.13421630859375, -132.06072998046875, -129.57461547851562, -104.156982421875, -91.08048248291016, -0.29265594482421875, -0.1294112652540207], 'masked_q_values': [-130.19677734375, -1000000000.0, -1000000000.0, -1000000000.0, -1000000000.0, -1000000000.0, -1000000000.0, -1000000000.0, -1000000000.0], 'action_mask': [1, 0, 0, 0, 0, 0, 0, 0, 0], 'density_penalties': {}}]"
enterprise_blizzard_extreme,20260229,drqn,600,55,26,130.4365,1.0,0.4727,130.4365,,,0.6667,0.7273,-0.0606,6701035685->6575669604:68;6575669604->6701035685:67;83542422->1529792857:67;1529792857->83542422:65;11280642382->11280642385:59;11280642385->11280642382:59;13255088068->13255088008:57;13255088008->13255088068:57;1525462094->11571681733:51;11571681733->1525462094:51,0.0,1,0.6,10,0.0,1,1.0,2,0.0,1,1.0,1,0.4,5,1.0,3,,,0.6667,3,0.125,8,,,0.25,12,,,1.0,1,0.5,2,1.0,1,1.0,1,,,0.3333,33,0.7273,11,0.5,2,0.6667,9,0,False,False,0.6667,3,"[{'agent_id': 3, 'node': 8119358144, 'goal': 7256764700, 'current_target': 7256764700, 'committed_next': None, 'candidates': [], 'q_values': [-156.23403930664062, -160.3994598388672, -155.95587158203125, -159.26919555664062, -156.45957946777344, -123.59332275390625, -112.39298248291016, -0.17281125485897064, 0.12555311620235443], 'masked_q_values': [-156.23403930664062, -1000000000.0, -1000000000.0, -1000000000.0, -1000000000.0, -1000000000.0, -1000000000.0, -1000000000.0, -1000000000.0], 'action_mask': [1, 0, 0, 0, 0, 0, 0, 0, 0], 'density_penalties': {}}, {'agent_id': 5, 'node': 8118847261, 'goal': 8118847436, 'current_target': 8118847436, 'committed_next': None, 'candidates': [], 'q_values': [-151.74026489257812, -155.5479278564453, -152.38690185546875, -154.7945556640625, -152.39126586914062, -122.18608093261719, -107.59333038330078, -0.357432097196579, 0.0025501996278762817], 'masked_q_values': [-151.74026489257812, -1000000000.0, -1000000000.0, -1000000000.0, -1000000000.0, -1000000000.0, -1000000000.0, -1000000000.0, -1000000000.0], 'action_mask': [1, 0, 0, 0, 0, 0, 0, 0, 0], 'density_penalties': {}}, {'agent_id': 7, 'node': 7256764719, 'goal': 7290039964, 'current_target': 7290039964, 'committed_next': None, 'candidates': [], 'q_values': [-151.6058349609375, -154.701904296875, -152.3226776123047, -153.39601135253906, -151.61395263671875, -121.39006805419922, -106.69995880126953, -0.2797577679157257, 0.1910277158021927], 'masked_q_values': [-151.6058349609375, -1000000000.0, -1000000000.0, -1000000000.0, -1000000000.0, -1000000000.0, -1000000000.0, -1000000000.0, -1000000000.0], 'action_mask': [1, 0, 0, 0, 0, 0, 0, 0, 0], 'density_penalties': {}}, {'agent_id': 10, 'node': 11965813832, 'goal': 6575669629, 'current_target': 6575669629, 'committed_next': None, 'candidates': [], 'q_values': [-154.28289794921875, -157.60853576660156, -155.0925750732422, -156.78306579589844, -154.79591369628906, -123.66265869140625, -108.85285949707031, -0.25460511445999146, 0.13745282590389252], 'masked_q_values': [-154.28289794921875, -1000000000.0, -1000000000.0, -1000000000.0, -1000000000.0, -1000000000.0, -1000000000.0, -1000000000.0, -1000000000.0], 'action_mask': [1, 0, 0, 0, 0, 0, 0, 0, 0], 'density_penalties': {}}, {'agent_id': 11, 'node': 13255088033, 'goal': 7290039964, 'current_target': 7290039964, 'committed_next': None, 'candidates': [], 'q_values': [-158.43829345703125, -162.0403289794922, -159.03396606445312, -161.2700958251953, -159.02008056640625, -126.36150360107422, -112.57726287841797, -0.18170763552188873, 0.1513693779706955], 'masked_q_values': [-158.43829345703125, -1000000000.0, -1000000000.0, -1000000000.0, -1000000000.0, -1000000000.0, -1000000000.0, -1000000000.0, -1000000000.0], 'action_mask': [1, 0, 0, 0, 0, 0, 0, 0, 0], 'density_penalties': {}}, {'agent_id': 12, 'node': 1519090111, 'goal': 6575669629, 'current_target': 6575669629, 'committed_next': None, 'candidates': [], 'q_values': [-157.58001708984375, -161.33578491210938, -158.03762817382812, -160.48709106445312, -157.9411163330078, -126.06929779052734, -112.09825134277344, -0.2482030987739563, 0.12657006084918976], 'masked_q_values': [-157.58001708984375, -1000000000.0, -1000000000.0, -1000000000.0, -1000000000.0, -1000000000.0, -1000000000.0, -1000000000.0, -1000000000.0], 'action_mask': [1, 0, 0, 0, 0, 0, 0, 0, 0], 'density_penalties': {}}, {'agent_id': 13, 'node': 6548017898, 'goal': 83561759, 'current_target': 83561759, 'committed_next': None, 'candidates': [], 'q_values': [-152.83016967773438, -156.72361755371094, -153.34207153320312, -155.99703979492188, -153.5067138671875, -123.25675964355469, -108.0513687133789, -0.3499428629875183, 0.04762504994869232], 'masked_q_values': [-152.83016967773438, -1000000000.0, -1000000000.0, -1000000000.0, -1000000000.0, -1000000000.0, -1000000000.0, -1000000000.0, -1000000000.0], 'action_mask': [1, 0, 0, 0, 0, 0, 0, 0, 0], 'density_penalties': {}}, {'agent_id': 14, 'node': 4937830291, 'goal': 7290039964, 'current_target': 7290039964, 'committed_next': None, 'candidates': [], 'q_values': [-158.21722412109375, -162.22279357910156, -158.05691528320312, -161.04315185546875, -158.40023803710938, -125.34857940673828, -113.65247344970703, -0.16914024949073792, 0.14134149253368378], 'masked_q_values': [-158.21722412109375, -1000000000.0, -1000000000.0, -1000000000.0, -1000000000.0, -1000000000.0, -1000000000.0, -1000000000.0, -1000000000.0], 'action_mask': [1, 0, 0, 0, 0, 0, 0, 0, 0], 'density_penalties': {}}, {'agent_id': 17, 'node': 8119358188, 'goal': 83561759, 'current_target': 83561759, 'committed_next': None, 'candidates': [], 'q_values': [-153.89321899414062, -157.71595764160156, -154.3878631591797, -156.8998260498047, -154.33705139160156, -123.99491119384766, -108.81523895263672, -0.35104525089263916, 0.0650448352098465], 'masked_q_values': [-153.89321899414062, -1000000000.0, -1000000000.0, -1000000000.0, -1000000000.0, -1000000000.0, -1000000000.0, -1000000000.0, -1000000000.0], 'action_mask': [1, 0, 0, 0, 0, 0, 0, 0, 0], 'density_penalties': {}}, {'agent_id': 18, 'node': 1525462094, 'goal': 7256764700, 'current_target': 7256764700, 'committed_next': None, 'candidates': [], 'q_values': [-154.57382202148438, -158.62855529785156, -154.96299743652344, -158.3083953857422, -155.70452880859375, -122.9490737915039, -110.79523468017578, -0.19967623054981232, 0.11920814216136932], 'masked_q_values': [-154.57382202148438, -1000000000.0, -1000000000.0, -1000000000.0, -1000000000.0, -1000000000.0, -1000000000.0, -1000000000.0, -1000000000.0], 'action_mask': [1, 0, 0, 0, 0, 0, 0, 0, 0], 'density_penalties': {}}, {'agent_id': 20, 'node': 7400658631, 'goal': 6677331643, 'current_target': 6677331643, 'committed_next': None, 'candidates': [], 'q_values': [-157.33621215820312, -160.87445068359375, -158.0889434814453, -159.94305419921875, -157.69769287109375, -125.83797454833984, -111.31610107421875, -0.21925115585327148, 0.2457600086927414], 'masked_q_values': [-157.33621215820312, -1000000000.0, -1000000000.0, -1000000000.0, -1000000000.0, -1000000000.0, -1000000000.0, -1000000000.0, -1000000000.0], 'action_mask': [1, 0, 0, 0, 0, 0, 0, 0, 0], 'density_penalties': {}}, {'agent_id': 22, 'node': 6983068179, 'goal': 6575669629, 'current_target': 6575669629, 'committed_next': None, 'candidates': [], 'q_values': [-155.50732421875, -158.9312286376953, -156.38214111328125, -158.07301330566406, -155.9792022705078, -124.62955474853516, -109.6803970336914, -0.2522971034049988, 0.1516442745923996], 'masked_q_values': [-155.50732421875, -1000000000.0, -1000000000.0, -1000000000.0, -1000000000.0, -1000000000.0, -1000000000.0, -1000000000.0, -1000000000.0], 'action_mask': [1, 0, 0, 0, 0, 0, 0, 0, 0], 'density_penalties': {}}, {'agent_id': 28, 'node': 8119328771, 'goal': 7290039964, 'current_target': 7290039964, 'committed_next': None, 'candidates': [], 'q_values': [-158.21484375, -162.2533416748047, -157.98817443847656, -161.07977294921875, -158.24325561523438, -125.1811752319336, -113.53927612304688, -0.17205341160297394, 0.1394372433423996], 'masked_q_values': [-158.21484375, -1000000000.0, -1000000000.0, -1000000000.0, -1000000000.0, -1000000000.0, -1000000000.0, -1000000000.0, -1000000000.0], 'action_mask': [1, 0, 0, 0, 0, 0, 0, 0, 0], 'density_penalties': {}}, {'agent_id': 29, 'node': 8580585956, 'goal': 83561759, 'current_target': 83561759, 'committed_next': None, 'candidates': [], 'q_values': [-133.1671600341797, -135.78170776367188, -133.23342895507812, -133.81170654296875, -132.61904907226562, -107.53446197509766, -93.402099609375, -0.3766442835330963, 0.11011846363544464], 'masked_q_values': [-133.1671600341797, -1000000000.0, -1000000000.0, -1000000000.0, -1000000000.0, -1000000000.0, -1000000000.0, -1000000000.0, -1000000000.0], 'action_mask': [1, 0, 0, 0, 0, 0, 0, 0, 0], 'density_penalties': {}}, {'agent_id': 30, 'node': 11280642382, 'goal': 7256764700, 'current_target': 7256764700, 'committed_next': None, 'candidates': [], 'q_values': [-157.37741088867188, -161.31292724609375, -157.40521240234375, -160.3985137939453, -157.86317443847656, -124.82180786132812, -112.9681625366211, -0.16403257846832275, 0.12586753070354462], 'masked_q_values': [-157.37741088867188, -1000000000.0, -1000000000.0, -1000000000.0, -1000000000.0, -1000000000.0, -1000000000.0, -1000000000.0, -1000000000.0], 'action_mask': [1, 0, 0, 0, 0, 0, 0, 0, 0], 'density_penalties': {}}, {'agent_id': 32, 'node': 4984485857, 'goal': 7290039964, 'current_target': 7290039964, 'committed_next': None, 'candidates': [], 'q_values': [-158.03074645996094, -162.01425170898438, -157.82553100585938, -160.7730712890625, -158.095458984375, -125.14250946044922, -113.2611083984375, -0.165238156914711, 0.14449720084667206], 'masked_q_values': [-158.03074645996094, -1000000000.0, -1000000000.0, -1000000000.0, -1000000000.0, -1000000000.0, -1000000000.0, -1000000000.0, -1000000000.0], 'action_mask': [1, 0, 0, 0, 0, 0, 0, 0, 0], 'density_penalties': {}}, {'agent_id': 34, 'node': 1519090125, 'goal': 6575669629, 'current_target': 6575669629, 'committed_next': None, 'candidates': [], 'q_values': [-157.05191040039062, -160.85426330566406, -157.54266357421875, -160.04913330078125, -157.50265502929688, -125.80147552490234, -111.83223724365234, -0.2619139552116394, 0.11628846824169159], 'masked_q_values': [-157.05191040039062, -1000000000.0, -1000000000.0, -1000000000.0, -1000000000.0, -1000000000.0, -1000000000.0, -1000000000.0, -1000000000.0], 'action_mask': [1, 0, 0, 0, 0, 0, 0, 0, 0], 'density_penalties': {}}, {'agent_id': 35, 'node': 83542422, 'goal': 7290039964, 'current_target': 7290039964, 'committed_next': None, 'candidates': [], 'q_values': [-158.70877075195312, -162.2990264892578, -159.30502319335938, -161.3550262451172, -158.95462036132812, -126.75255584716797, -112.27982330322266, -0.21089692413806915, 0.2248620241880417], 'masked_q_values': [-158.70877075195312, -1000000000.0, -1000000000.0, -1000000000.0, -1000000000.0, -1000000000.0, -1000000000.0, -1000000000.0, -1000000000.0], 'action_mask': [1, 0, 0, 0, 0, 0, 0, 0, 0], 'density_penalties': {}}, {'agent_id': 36, 'node': 1519090111, 'goal': 6575669629, 'current_target': 6575669629, 'committed_next': None, 'candidates': [], 'q_values': [-153.52845764160156, -157.36131286621094, -154.06893920898438, -156.62696838378906, -154.239501953125, -123.78530883789062, -108.71662139892578, -0.33916351199150085, 0.048125699162483215], 'masked_q_values': [-153.52845764160156, -1000000000.0, -1000000000.0, -1000000000.0, -1000000000.0, -1000000000.0, -1000000000.0, -1000000000.0, -1000000000.0], 'action_mask': [1, 0, 0, 0, 0, 0, 0, 0, 0], 'density_penalties': {}}, {'agent_id': 38, 'node': 6575669604, 'goal': 6677331643, 'current_target': 6677331643, 'committed_next': None, 'candidates': [], 'q_values': [-154.50811767578125, -158.62460327148438, -154.40841674804688, -157.62319946289062, -155.0469207763672, -122.41764831542969, -110.9581527709961, -0.1671244502067566, 0.13471095263957977], 'masked_q_values': [-154.50811767578125, -1000000000.0, -1000000000.0, -1000000000.0, -1000000000.0, -1000000000.0, -1000000000.0, -1000000000.0, -1000000000.0], 'action_mask': [1, 0, 0, 0, 0, 0, 0, 0, 0], 'density_penalties': {}}, {'agent_id': 40, 'node': 1520496421, 'goal': 6575669629, 'current_target': 6575669629, 'committed_next': None, 'candidates': [], 'q_values': [-153.03366088867188, -156.2073974609375, -153.9034423828125, -155.2449951171875, -153.34837341308594, -122.57457733154297, -107.70342254638672, -0.2747696042060852, 0.13959594070911407], 'masked_q_values': [-153.03366088867188, -1000000000.0, -1000000000.0, -1000000000.0, -1000000000.0, -1000000000.0, -1000000000.0, -1000000000.0, -1000000000.0], 'action_mask': [1, 0, 0, 0, 0, 0, 0, 0, 0], 'density_penalties': {}}]"
enterprise_blizzard_extreme,20260230,drqn,600,55,27,109.4896,1.0,0.4909,109.4896,,,0.6364,0.5833,0.053,12507265580->12507265579:56;12507265579->12507265580:56;10220116665->10220116666:48;1519095265->384793324:48;10220116666->10220116665:47;384793324->1519095265:47;1530414078->1530414092:47;1530414092->1530414078:46;10557315378->4498840821:44;4498840821->10557315378:44,0.3333,3,0.4286,7,0.0,2,1.0,3,1.0,2,0.5,4,0.5,4,0.6667,6,1.0,1,0.0,2,0.4,10,,,0.0,3,,,,,,,1.0,1,0.0,3,,,0.3667,30,0.5833,12,1.0,2,0.6364,11,0,False,False,1.0,4,"[{'agent_id': 5, 'node': 10274251470, 'goal': 10776295030, 'current_target': 10776295030, 'committed_next': None, 'candidates': [], 'q_values': [-151.77261352539062, -155.2113800048828, -152.54568481445312, -154.40936279296875, -152.6907501220703, -121.41739654541016, -107.24141693115234, -0.2375858575105667, 0.12173567712306976], 'masked_q_values': [-151.77261352539062, -1000000000.0, -1000000000.0, -1000000000.0, -1000000000.0, -1000000000.0, -1000000000.0, -1000000000.0, -1000000000.0], 'action_mask': [1, 0, 0, 0, 0, 0, 0, 0, 0], 'density_penalties': {}}, {'agent_id': 7, 'node': 10276868521, 'goal': 10220116649, 'current_target': 10220116649, 'committed_next': None, 'candidates': [], 'q_values': [-160.4166259765625, -164.22792053222656, -160.60606384277344, -163.45904541015625, -160.5673828125, -127.63060760498047, -114.57122802734375, -0.22719994187355042, 0.1364351063966751], 'masked_q_values': [-160.4166259765625, -1000000000.0, -1000000000.0, -1000000000.0, -1000000000.0, -1000000000.0, -1000000000.0, -1000000000.0, -1000000000.0], 'action_mask': [1, 0, 0, 0, 0, 0, 0, 0, 0], 'density_penalties': {}}, {'agent_id': 12, 'node': 12092167452, 'goal': 11577641197, 'current_target': 11577641197, 'committed_next': None, 'candidates': [], 'q_values': [-158.4035186767578, -162.08731079101562, -158.9243927001953, -161.19589233398438, -158.82174682617188, -126.41545867919922, -112.59932708740234, -0.1946454793214798, 0.14764611423015594], 'masked_q_values': [-158.4035186767578, -1000000000.0, -1000000000.0, -1000000000.0, -1000000000.0, -1000000000.0, -1000000000.0, -1000000000.0, -1000000000.0], 'action_mask': [1, 0, 0, 0, 0, 0, 0, 0, 0], 'density_penalties': {}}, {'agent_id': 13, 'node': 11548117355, 'goal': 10776295030, 'current_target': 10776295030, 'committed_next': None, 'candidates': [], 'q_values': [-154.364990234375, -157.8279571533203, -155.2373046875, -157.16851806640625, -155.0016326904297, -123.88784790039062, -108.87549591064453, -0.2692819833755493, 0.09319217503070831], 'masked_q_values': [-154.364990234375, -1000000000.0, -1000000000.0, -1000000000.0, -1000000000.0, -1000000000.0, -1000000000.0, -1000000000.0, -1000000000.0], 'action_mask': [1, 0, 0, 0, 0, 0, 0, 0, 0], 'density_penalties': {}}, {'agent_id': 14, 'node': 12507265580, 'goal': 10220116649, 'current_target': 10220116649, 'committed_next': None, 'candidates': [], 'q_values': [-159.35519409179688, -162.96839904785156, -159.95689392089844, -162.18572998046875, -159.787353515625, -127.37010955810547, -112.88898468017578, -0.21000294387340546, 0.17916928231716156], 'masked_q_values': [-159.35519409179688, -1000000000.0, -1000000000.0, -1000000000.0, -1000000000.0, -1000000000.0, -1000000000.0, -1000000000.0, -1000000000.0], 'action_mask': [1, 0, 0, 0, 0, 0, 0, 0, 0], 'density_penalties': {}}, {'agent_id': 16, 'node': 1530414078, 'goal': 10220116649, 'current_target': 10220116649, 'committed_next': None, 'candidates': [], 'q_values': [-158.5631866455078, -162.5396270751953, -158.501708984375, -161.50540161132812, -158.72409057617188, -125.81092071533203, -113.73475646972656, -0.1957910805940628, 0.1333250254392624], 'masked_q_values': [-158.5631866455078, -1000000000.0, -1000000000.0, -1000000000.0, -1000000000.0, -1000000000.0, -1000000000.0, -1000000000.0, -1000000000.0], 'action_mask': [1, 0, 0, 0, 0, 0, 0, 0, 0], 'density_penalties': {}}, {'agent_id': 18, 'node': 10220116666, 'goal': 10220116649, 'current_target': 10220116649, 'committed_next': None, 'candidates': [], 'q_values': [-159.2010498046875, -162.99853515625, -159.59234619140625, -162.21629333496094, -159.50393676757812, -126.89789581298828, -113.61458587646484, -0.21659409999847412, 0.1375255137681961], 'masked_q_values': [-159.2010498046875, -1000000000.0, -1000000000.0, -1000000000.0, -1000000000.0, -1000000000.0, -1000000000.0, -1000000000.0, -1000000000.0], 'action_mask': [1, 0, 0, 0, 0, 0, 0, 0, 0], 'density_penalties': {}}, {'agent_id': 19, 'node': 7252947418, 'goal': 1530414144, 'current_target': 1530414144, 'committed_next': None, 'candidates': [], 'q_values': [-159.16709899902344, -162.9880828857422, -159.71011352539062, -161.9725341796875, -158.9623565673828, -126.9193344116211, -113.41101837158203, -0.2983538508415222, 0.13636831939220428], 'masked_q_values': [-159.16709899902344, -1000000000.0, -1000000000.0, -1000000000.0, -1000000000.0, -1000000000.0, -1000000000.0, -1000000000.0, -1000000000.0], 'action_mask': [1, 0, 0, 0, 0, 0, 0, 0, 0], 'density_penalties': {}}, {'agent_id': 20, 'node': 384793324, 'goal': 10220116649, 'current_target': 10220116649, 'committed_next': None, 'candidates': [], 'q_values': [-158.73631286621094, -162.70751953125, -158.93190002441406, -161.817626953125, -158.8568115234375, -126.14464569091797, -114.04529571533203, -0.231488436460495, 0.12387032806873322], 'masked_q_values': [-158.73631286621094, -1000000000.0, -1000000000.0, -1000000000.0, -1000000000.0, -1000000000.0, -1000000000.0, -1000000000.0, -1000000000.0], 'action_mask': [1, 0, 0, 0, 0, 0, 0, 0, 0], 'density_penalties': {}}, {'agent_id': 22, 'node': 1525505966, 'goal': 11577641197, 'current_target': 11577641197, 'committed_next': None, 'candidates': [], 'q_values': [-154.68711853027344, -158.9962921142578, -154.4933319091797, -157.9759521484375, -154.9512481689453, -122.60302734375, -111.78377532958984, -0.2317541539669037, 0.11377789080142975], 'masked_q_values': [-154.68711853027344, -1000000000.0, -1000000000.0, -1000000000.0, -1000000000.0, -1000000000.0, -1000000000.0, -1000000000.0, -1000000000.0], 'action_mask': [1, 0, 0, 0, 0, 0, 0, 0, 0], 'density_penalties': {}}, {'agent_id': 24, 'node': 11962061169, 'goal': 11577641197, 'current_target': 11577641197, 'committed_next': None, 'candidates': [], 'q_values': [-158.57864379882812, -162.38938903808594, -158.87814331054688, -161.39532470703125, -158.85592651367188, -126.35967254638672, -113.19957733154297, -0.1987697035074234, 0.14982663094997406], 'masked_q_values': [-158.57864379882812, -1000000000.0, -1000000000.0, -1000000000.0, -1000000000.0, -1000000000.0, -1000000000.0, -1000000000.0, -1000000000.0], 'action_mask': [1, 0, 0, 0, 0, 0, 0, 0, 0], 'density_penalties': {}}, {'agent_id': 25, 'node': 12917906066, 'goal': 10776295030, 'current_target': 10776295030, 'committed_next': None, 'candidates': [], 'q_values': [-151.88009643554688, -155.40780639648438, -152.88015747070312, -154.4882049560547, -152.8093719482422, -121.84307861328125, -106.89453887939453, -0.23592418432235718, 0.16799180209636688], 'masked_q_values': [-151.88009643554688, -1000000000.0, -1000000000.0, -1000000000.0, -1000000000.0, -1000000000.0, -1000000000.0, -1000000000.0, -1000000000.0], 'action_mask': [1, 0, 0, 0, 0, 0, 0, 0, 0], 'density_penalties': {}}, {'agent_id': 35, 'node': 389050581, 'goal': 1530414144, 'current_target': 1530414144, 'committed_next': None, 'candidates': [], 'q_values': [-160.79379272460938, -164.4931182861328, -161.08995056152344, -163.50494384765625, -160.4385986328125, -128.086669921875, -113.87723541259766, -0.26571381092071533, 0.1721407026052475], 'masked_q_values': [-160.79379272460938, -1000000000.0, -1000000000.0, -1000000000.0, -1000000000.0, -1000000000.0, -1000000000.0, -1000000000.0, -1000000000.0], 'action_mask': [1, 0, 0, 0, 0, 0, 0, 0, 0], 'density_penalties': {}}, {'agent_id': 36, 'node': 1873562074, 'goal': 11577641197, 'current_target': 11577641197, 'committed_next': None, 'candidates': [], 'q_values': [-157.00277709960938, -160.977294921875, -156.84474182128906, -159.68032836914062, -157.1454620361328, -124.54497528076172, -112.42935180664062, -0.16921676695346832, 0.144332155585289], 'masked_q_values': [-157.00277709960938, -1000000000.0, -1000000000.0, -1000000000.0, -1000000000.0, -1000000000.0, -1000000000.0, -1000000000.0, -1000000000.0], 'action_mask': [1, 0, 0, 0, 0, 0, 0, 0, 0], 'density_penalties': {}}, {'agent_id': 37, 'node': 7255587390, 'goal': 10776295030, 'current_target': 10776295030, 'committed_next': None, 'candidates': [], 'q_values': [-149.54197692871094, -152.7593536376953, -150.40084838867188, -152.04747009277344, -150.17689514160156, -120.20213317871094, -105.06687927246094, -0.3135030269622803, 0.04063911736011505], 'masked_q_values': [-149.54197692871094, -1000000000.0, -1000000000.0, -1000000000.0, -1000000000.0, -1000000000.0, -1000000000.0, -1000000000.0, -1000000000.0], 'action_mask': [1, 0, 0, 0, 0, 0, 0, 0, 0], 'density_penalties': {}}, {'agent_id': 38, 'node': 11378588803, 'goal': 11577641197, 'current_target': 11577641197, 'committed_next': None, 'candidates': [], 'q_values': [-156.69996643066406, -160.91810607910156, -156.42721557617188, -159.76498413085938, -156.654541015625, -123.88035583496094, -112.93253326416016, -0.20375500619411469, 0.12426535785198212], 'masked_q_values': [-156.69996643066406, -1000000000.0, -1000000000.0, -1000000000.0, -1000000000.0, -1000000000.0, -1000000000.0, -1000000000.0, -1000000000.0], 'action_mask': [1, 0, 0, 0, 0, 0, 0, 0, 0], 'density_penalties': {}}, {'agent_id': 39, 'node': 11963951764, 'goal': 10776295030, 'current_target': 10776295030, 'committed_next': None, 'candidates': [], 'q_values': [-155.05474853515625, -158.39320373535156, -155.89328002929688, -157.4773712158203, -155.4921875, -124.13170623779297, -109.34603118896484, -0.23958289623260498, 0.15285567939281464], 'masked_q_values': [-155.05474853515625, -1000000000.0, -1000000000.0, -1000000000.0, -1000000000.0, -1000000000.0, -1000000000.0, -1000000000.0, -1000000000.0], 'action_mask': [1, 0, 0, 0, 0, 0, 0, 0, 0], 'density_penalties': {}}, {'agent_id': 40, 'node': 10557315375, 'goal': 10220116649, 'current_target': 10220116649, 'committed_next': None, 'candidates': [], 'q_values': [-159.1294403076172, -162.9156951904297, -159.5279998779297, -162.13722229003906, -159.41416931152344, -126.81298065185547, -113.52977752685547, -0.21625684201717377, 0.1319819539785385], 'masked_q_values': [-159.1294403076172, -1000000000.0, -1000000000.0, -1000000000.0, -1000000000.0, -1000000000.0, -1000000000.0, -1000000000.0, -1000000000.0], 'action_mask': [1, 0, 0, 0, 0, 0, 0, 0, 0], 'density_penalties': {}}]"
enterprise_blizzard_extreme,20260231,drqn,600,55,23,46.2188,1.0,0.4182,46.2188,,,0.4615,0.5,-0.0385,1530457233->1519096940:47;1519096940->1530457233:47;6448827254->6448827255:42;6448827255->6448827254:35;11181443918->11181443913:19;5691979556->1400544693:19;11181443913->11181443918:18;1400544693->5691979556:18;1467750261->5504528182:18;10566490492->7157724545:17,0.0,1,0.25,8,0.0,1,,,1.0,1,0.25,4,0.5,6,0.3333,6,1.0,3,0.3333,3,0.6667,6,1.0,1,0.125,8,0.5,2,0.0,1,,,1.0,1,1.0,1,0.5,2,0.3548,31,0.5,6,0.6,5,0.4615,13,0,False,False,,,"[{'agent_id': 2, 'node': 11378648974, 'goal': 6617367123, 'current_target': 6617367123, 'committed_next': None, 'candidates': [], 'q_values': [82.11219787597656, 87.18087005615234, 86.138916015625, 83.72032165527344, 85.7568130493164, 68.38624572753906, 61.71969223022461, -1.2613036632537842, 0.22362111508846283], 'masked_q_values': [82.11219787597656, -1000000000.0, -1000000000.0, -1000000000.0, -1000000000.0, -1000000000.0, -1000000000.0, -1000000000.0, -1000000000.0], 'action_mask': [1, 0, 0, 0, 0, 0, 0, 0, 0], 'density_penalties': {}}, {'agent_id': 4, 'node': 7157724490, 'goal': 11963957083, 'current_target': 11963957083, 'committed_next': None, 'candidates': [], 'q_values': [70.11244201660156, 74.2562026977539, 74.4724349975586, 73.85558319091797, 75.44403076171875, 55.907127380371094, 53.65161895751953, -1.1568673849105835, 0.1380784958600998], 'masked_q_values': [70.11244201660156, -1000000000.0, -1000000000.0, -1000000000.0, -1000000000.0, -1000000000.0, -1000000000.0, -1000000000.0, -1000000000.0], 'action_mask': [1, 0, 0, 0, 0, 0, 0, 0, 0], 'density_penalties': {}}, {'agent_id': 5, 'node': 7252947467, 'goal': 11963957083, 'current_target': 11963957083, 'committed_next': None, 'candidates': [], 'q_values': [-38.425636291503906, -35.72296905517578, -35.48017501831055, -36.25251770019531, -33.41102981567383, -25.37885284423828, -23.565185546875, -0.16401822865009308, 1.0928995609283447], 'masked_q_values': [-38.425636291503906, -1000000000.0, -1000000000.0, -1000000000.0, -1000000000.0, -1000000000.0, -1000000000.0, -1000000000.0, -1000000000.0], 'action_mask': [1, 0, 0, 0, 0, 0, 0, 0, 0], 'density_penalties': {}}, {'agent_id': 12, 'node': 11897480142, 'goal': 7252947894, 'current_target': 7252947894, 'committed_next': None, 'candidates': [], 'q_values': [-40.27720260620117, -37.38636779785156, -36.82612991333008, -38.198360443115234, -35.23371124267578, -24.129100799560547, -22.98222541809082, -0.26759299635887146, 0.8984845876693726], 'masked_q_values': [-40.27720260620117, -1000000000.0, -1000000000.0, -1000000000.0, -1000000000.0, -1000000000.0, -1000000000.0, -1000000000.0, -1000000000.0], 'action_mask': [1, 0, 0, 0, 0, 0, 0, 0, 0], 'density_penalties': {}}, {'agent_id': 18, 'node': 1530457233, 'goal': 5691979269, 'current_target': 5691979269, 'committed_next': None, 'candidates': [], 'q_values': [57.563751220703125, 61.8946533203125, 62.0145378112793, 60.77178192138672, 62.714881896972656, 46.51632308959961, 43.87162780761719, -1.20512056350708, 0.11453627049922943], 'masked_q_values': [57.563751220703125, -1000000000.0, -1000000000.0, -1000000000.0, -1000000000.0, -1000000000.0, -1000000000.0, -1000000000.0, -1000000000.0], 'action_mask': [1, 0, 0, 0, 0, 0, 0, 0, 0], 'density_penalties': {}}, {'agent_id': 19, 'node': 5504528182, 'goal': 7675981675, 'current_target': 7675981675, 'committed_next': None, 'candidates': [], 'q_values': [78.39287567138672, 83.71759796142578, 81.10297393798828, 78.0118408203125, 79.8227310180664, 60.24868392944336, 57.100372314453125, -1.2890065908432007, -0.01767583191394806], 'masked_q_values': [78.39287567138672, -1000000000.0, -1000000000.0, -1000000000.0, -1000000000.0, -1000000000.0, -1000000000.0, -1000000000.0, -1000000000.0], 'action_mask': [1, 0, 0, 0, 0, 0, 0, 0, 0], 'density_penalties': {}}, {'agent_id': 21, 'node': 10566580521, 'goal': 6617367123, 'current_target': 6617367123, 'committed_next': None, 'candidates': [], 'q_values': [86.49507141113281, 91.7285385131836, 90.07693481445312, 87.25369262695312, 89.23662567138672, 70.47570037841797, 64.48336029052734, -1.2818807363510132, 0.14314405620098114], 'masked_q_values': [86.49507141113281, -1000000000.0, -1000000000.0, -1000000000.0, -1000000000.0, -1000000000.0, -1000000000.0, -1000000000.0, -1000000000.0], 'action_mask': [1, 0, 0, 0, 0, 0, 0, 0, 0], 'density_penalties': {}}, {'agent_id': 22, 'node': 10566490492, 'goal': 6617367123, 'current_target': 6617367123, 'committed_next': None, 'candidates': [], 'q_values': [92.95111083984375, 98.13146209716797, 96.5455093383789, 93.6759262084961, 95.68031311035156, 76.04991912841797, 69.0274429321289, -1.2843821048736572, 0.19741202890872955], 'masked_q_values': [92.95111083984375, -1000000000.0, -1000000000.0, -1000000000.0, -1000000000.0, -1000000000.0, -1000000000.0, -1000000000.0, -1000000000.0], 'action_mask': [1, 0, 0, 0, 0, 0, 0, 0, 0], 'density_penalties': {}}, {'agent_id': 23, 'node': 5271377520, 'goal': 5691979269, 'current_target': 5691979269, 'committed_next': None, 'candidates': [], 'q_values': [-116.15452575683594, -118.50657653808594, -115.8121337890625, -116.76223754882812, -115.11555480957031, -93.02814483642578, -79.49362182617188, -0.3073423206806183, -0.12836842238903046], 'masked_q_values': [-116.15452575683594, -1000000000.0, -1000000000.0, -1000000000.0, -1000000000.0, -1000000000.0, -1000000000.0, -1000000000.0, -1000000000.0], 'action_mask': [1, 0, 0, 0, 0, 0, 0, 0, 0], 'density_penalties': {}}, {'agent_id': 24, 'node': 11897480142, 'goal': 7252947894, 'current_target': 7252947894, 'committed_next': None, 'candidates': [], 'q_values': [-20.69089126586914, -17.314334869384766, -17.76116943359375, -19.282564163208008, -16.47452163696289, -12.054617881774902, -13.583026885986328, -0.4331446588039398, 0.9814455509185791], 'masked_q_values': [-20.69089126586914, -1000000000.0, -1000000000.0, -1000000000.0, -1000000000.0, -1000000000.0, -1000000000.0, -1000000000.0, -1000000000.0], 'action_mask': [1, 0, 0, 0, 0, 0, 0, 0, 0], 'density_penalties': {}}, {'agent_id': 27, 'node': 1519095168, 'goal': 5691979269, 'current_target': 5691979269, 'committed_next': None, 'candidates': [], 'q_values': [-126.5273666381836, -129.2756805419922, -126.45672607421875, -128.37570190429688, -126.11334991455078, -100.84119415283203, -87.86970520019531, -0.3169996738433838, -0.1940220147371292], 'masked_q_values': [-126.5273666381836, -1000000000.0, -1000000000.0, -1000000000.0, -1000000000.0, -1000000000.0, -1000000000.0, -1000000000.0, -1000000000.0], 'action_mask': [1, 0, 0, 0, 0, 0, 0, 0, 0], 'density_penalties': {}}, {'agent_id': 32, 'node': 10200554999, 'goal': 11963957083, 'current_target': 11963957083, 'committed_next': None, 'candidates': [], 'q_values': [92.61652374267578, 96.66320037841797, 95.93468475341797, 95.432861328125, 96.62382507324219, 76.81842803955078, 70.22216033935547, -1.1372376680374146, 0.2718467116355896], 'masked_q_values': [92.61652374267578, -1000000000.0, -1000000000.0, -1000000000.0, -1000000000.0, -1000000000.0, -1000000000.0, -1000000000.0, -1000000000.0], 'action_mask': [1, 0, 0, 0, 0, 0, 0, 0, 0], 'density_penalties': {}}, {'agent_id': 34, 'node': 11181443913, 'goal': 7675981675, 'current_target': 7675981675, 'committed_next': None, 'candidates': [], 'q_values': [-82.3051528930664, -81.60184478759766, -80.5986328125, -83.8110580444336, -80.02009582519531, -62.09615707397461, -55.311302185058594, -0.346466988325119, 0.5104910135269165], 'masked_q_values': [-82.3051528930664, -1000000000.0, -1000000000.0, -1000000000.0, -1000000000.0, -1000000000.0, -1000000000.0, -1000000000.0, -1000000000.0], 'action_mask': [1, 0, 0, 0, 0, 0, 0, 0, 0], 'density_penalties': {}}, {'agent_id': 36, 'node': 1400544693, 'goal': 5691979269, 'current_target': 5691979269, 'committed_next': None, 'candidates': [], 'q_values': [-120.0241470336914, -121.55108642578125, -120.37003326416016, -122.6071548461914, -120.27326202392578, -94.7706069946289, -84.77784729003906, -0.32861456274986267, -0.08456654846668243], 'masked_q_values': [-120.0241470336914, -1000000000.0, -1000000000.0, -1000000000.0, -1000000000.0, -1000000000.0, -1000000000.0, -1000000000.0, -1000000000.0], 'action_mask': [1, 0, 0, 0, 0, 0, 0, 0, 0], 'density_penalties': {}}, {'agent_id': 37, 'node': 1530414244, 'goal': 5691979269, 'current_target': 5691979269, 'committed_next': None, 'candidates': [], 'q_values': [-37.855804443359375, -34.86656188964844, -34.13767623901367, -36.976661682128906, -33.242794036865234, -25.067588806152344, -23.493858337402344, -0.5129954814910889, 0.860588788986206], 'masked_q_values': [-37.855804443359375, -1000000000.0, -1000000000.0, -1000000000.0, -1000000000.0, -1000000000.0, -1000000000.0, -1000000000.0, -1000000000.0], 'action_mask': [1, 0, 0, 0, 0, 0, 0, 0, 0], 'density_penalties': {}}, {'agent_id': 38, 'node': 1519095166, 'goal': 1638160534, 'current_target': 1638160534, 'committed_next': None, 'candidates': [], 'q_values': [151.65185546875, 156.63673400878906, 153.36618041992188, 156.0654754638672, 155.64544677734375, 112.6230239868164, 109.08267974853516, -0.4034310281276703, -0.060898855328559875], 'masked_q_values': [151.65185546875, -1000000000.0, -1000000000.0, -1000000000.0, -1000000000.0, -1000000000.0, -1000000000.0, -1000000000.0, -1000000000.0], 'action_mask': [1, 0, 0, 0, 0, 0, 0, 0, 0], 'density_penalties': {}}, {'agent_id': 40, 'node': 1530457233, 'goal': 5691979269, 'current_target': 5691979269, 'committed_next': None, 'candidates': [], 'q_values': [51.97098922729492, 56.36382293701172, 55.99479293823242, 54.64353942871094, 56.72856903076172, 42.50676345825195, 39.50705337524414, -1.2538710832595825, 0.07331730425357819], 'masked_q_values': [51.97098922729492, -1000000000.0, -1000000000.0, -1000000000.0, -1000000000.0, -1000000000.0, -1000000000.0, -1000000000.0, -1000000000.0], 'action_mask': [1, 0, 0, 0, 0, 0, 0, 0, 0], 'density_penalties': {}}]"
enterprise_blizzard_extreme,20260232,drqn,600,55,32,39.9809,1.0,0.5818,39.9809,,,0.7273,0.5,0.2273,1525505939->4937830300:68;4937830300->1525505939:68;83555624->83693879:57;83693879->83555624:57;5271377401->5271377399:51;5271377399->5271377401:51;7428189753->7428189756:45;7428189756->7428189753:45;10276807707->10276834109:45;10276834109->10276807707:44,0.0,1,0.5556,9,0.75,4,,,1.0,1,0.0,1,1.0,2,0.75,8,0.3333,3,0.5,6,0.625,8,0.5,2,0.6,5,0.6667,3,,,0.0,1,0.0,1,,,,,0.5484,31,0.5,10,0.6667,3,0.7273,11,0,False,False,,,"[{'agent_id': 1, 'node': 10276834109, 'goal': 10171993299, 'current_target': 10171993299, 'committed_next': None, 'candidates': [], 'q_values': [72.29082489013672, 74.9242172241211, 75.21847534179688, 76.37611389160156, 79.27599334716797, 58.23261642456055, 56.03694152832031, -0.8563387393951416, 0.2251129299402237], 'masked_q_values': [72.29082489013672, -1000000000.0, -1000000000.0, -1000000000.0, -1000000000.0, -1000000000.0, -1000000000.0, -1000000000.0, -1000000000.0], 'action_mask': [1, 0, 0, 0, 0, 0, 0, 0, 0], 'density_penalties': {}}, {'agent_id': 3, 'node': 7428189753, 'goal': 10171993299, 'current_target': 10171993299, 'committed_next': None, 'candidates': [], 'q_values': [36.49592208862305, 41.2155876159668, 40.0272102355957, 36.939334869384766, 40.288394927978516, 34.65223693847656, 27.230310440063477, -1.1608163118362427, 0.15863706171512604], 'masked_q_values': [36.49592208862305, -1000000000.0, -1000000000.0, -1000000000.0, -1000000000.0, -1000000000.0, -1000000000.0, -1000000000.0, -1000000000.0], 'action_mask': [1, 0, 0, 0, 0, 0, 0, 0, 0], 'density_penalties': {}}, {'agent_id': 8, 'node': 5271377400, 'goal': 7157724647, 'current_target': 7157724647, 'committed_next': None, 'candidates': [], 'q_values': [101.64158630371094, 105.0290756225586, 102.69316101074219, 104.7330551147461, 106.52239227294922, 79.46038055419922, 75.34510040283203, -0.862511396408081, 0.2799217700958252], 'masked_q_values': [101.64158630371094, -1000000000.0, -1000000000.0, -1000000000.0, -1000000000.0, -1000000000.0, -1000000000.0, -1000000000.0, -1000000000.0], 'action_mask': [1, 0, 0, 0, 0, 0, 0, 0, 0], 'density_penalties': {}}, {'agent_id': 9, 'node': 1524306540, 'goal': 10171993299, 'current_target': 10171993299, 'committed_next': None, 'candidates': [], 'q_values': [147.92991638183594, 153.43951416015625, 147.93133544921875, 150.40892028808594, 150.481689453125, 109.35853576660156, 106.38945770263672, -0.38805732131004333, 0.099044069647789], 'masked_q_values': [147.92991638183594, -1000000000.0, -1000000000.0, -1000000000.0, -1000000000.0, -1000000000.0, -1000000000.0, -1000000000.0, -1000000000.0], 'action_mask': [1, 0, 0, 0, 0, 0, 0, 0, 0], 'density_penalties': {}}, {'agent_id': 10, 'node': 1530414078, 'goal': 10171993299, 'current_target': 10171993299, 'committed_next': None, 'candidates': [], 'q_values': [71.7157974243164, 74.56831359863281, 72.91825866699219, 73.86731719970703, 76.26737213134766, 61.580081939697266, 55.14857482910156, -0.9001396894454956, 0.40857160091400146], 'masked_q_values': [71.7157974243164, -1000000000.0, -1000000000.0, -1000000000.0, -1000000000.0, -1000000000.0, -1000000000.0, -1000000000.0, -1000000000.0], 'action_mask': [1, 0, 0, 0, 0, 0, 0, 0, 0], 'density_penalties': {}}, {'agent_id': 14, 'node': 6405278903, 'goal': 7157724647, 'current_target': 7157724647, 'committed_next': None, 'candidates': [], 'q_values': [11.375971794128418, 14.215133666992188, 11.220834732055664, 12.003108978271484, 15.997174263000488, 13.972590446472168, 11.878800392150879, -0.8423095941543579, 0.12456075847148895], 'masked_q_values': [11.375971794128418, -1000000000.0, -1000000000.0, -1000000000.0, -1000000000.0, -1000000000.0, -1000000000.0, -1000000000.0, -1000000000.0], 'action_mask': [1, 0, 0, 0, 0, 0, 0, 0, 0], 'density_penalties': {}}, {'agent_id': 18, 'node': 1525505939, 'goal': 10171993299, 'current_target': 10171993299, 'committed_next': None, 'candidates': [], 'q_values': [-128.57843017578125, -130.85365295410156, -128.51602172851562, -130.79949951171875, -128.1727294921875, -102.414794921875, -90.78829193115234, -0.29897764325141907, -0.18956400454044342], 'masked_q_values': [-128.57843017578125, -1000000000.0, -1000000000.0, -1000000000.0, -1000000000.0, -1000000000.0, -1000000000.0, -1000000000.0, -1000000000.0], 'action_mask': [1, 0, 0, 0, 0, 0, 0, 0, 0], 'density_penalties': {}}, {'agent_id': 31, 'node': 10276670885, 'goal': 7252947419, 'current_target': 7252947419, 'committed_next': None, 'candidates': [], 'q_values': [18.847471237182617, 21.526309967041016, 19.13300895690918, 20.774343490600586, 24.877628326416016, 19.89776611328125, 17.413772583007812, -0.8778859376907349, 0.21703536808490753], 'masked_q_values': [18.847471237182617, -1000000000.0, -1000000000.0, -1000000000.0, -1000000000.0, -1000000000.0, -1000000000.0, -1000000000.0, -1000000000.0], 'action_mask': [1, 0, 0, 0, 0, 0, 0, 0, 0], 'density_penalties': {}}, {'agent_id': 37, 'node': 83555624, 'goal': 10171993299, 'current_target': 10171993299, 'committed_next': None, 'candidates': [], 'q_values': [-14.155779838562012, -11.383222579956055, -12.460975646972656, -14.127348899841309, -9.857542037963867, -5.384521961212158, -7.087921142578125, -0.8061760663986206, 0.14799652993679047], 'masked_q_values': [-14.155779838562012, -1000000000.0, -1000000000.0, -1000000000.0, -1000000000.0, -1000000000.0, -1000000000.0, -1000000000.0, -1000000000.0], 'action_mask': [1, 0, 0, 0, 0, 0, 0, 0, 0], 'density_penalties': {}}, {'agent_id': 39, 'node': 7730327578, 'goal': 8118847113, 'current_target': 8118847113, 'committed_next': None, 'candidates': [], 'q_values': [47.743961334228516, 51.96559143066406, 52.558658599853516, 51.250732421875, 53.29370880126953, 39.01234817504883, 35.496952056884766, -1.3619959354400635, -0.23434193432331085], 'masked_q_values': [47.743961334228516, -1000000000.0, -1000000000.0, -1000000000.0, -1000000000.0, -1000000000.0, -1000000000.0, -1000000000.0, -1000000000.0], 'action_mask': [1, 0, 0, 0, 0, 0, 0, 0, 0], 'density_penalties': {}}]"
enterprise_blizzard_extreme,20260233,drqn,600,55,40,88.0835,1.0,0.7273,88.0835,,,0.5385,1.0,-0.4615,1519095248->10554949191:21;10554949191->1519095248:19;10268794424->10268794422:12;10268794422->10268794424:11;10200584607->10200601421:10;10200584612->10276649980:10;10276649980->4119764189:10;1530414045->1530414046:10;1530414046->1530414045:10;6448823287->1530225890:9,0.0,1,0.7222,18,1.0,1,,,0.5,2,0.5,2,0.6,5,0.5,6,1.0,3,,,0.75,4,,,1.0,6,1.0,1,,,,,0.5,2,1.0,1,,,0.7714,35,1.0,5,0.5,2,0.5385,13,0,False,False,1.0,3,"[{'agent_id': 6, 'node': 5929354724, 'goal': 1519095168, 'current_target': 1519095168, 'committed_next': None, 'candidates': [], 'q_values': [-69.6438980102539, -67.43909454345703, -66.29313659667969, -70.41580963134766, -67.30290222167969, -48.88202667236328, -44.46607971191406, -0.3733690679073334, 1.0872728824615479], 'masked_q_values': [-69.6438980102539, -1000000000.0, -1000000000.0, -1000000000.0, -1000000000.0, -1000000000.0, -1000000000.0, -1000000000.0, -1000000000.0], 'action_mask': [1, 0, 0, 0, 0, 0, 0, 0, 0], 'density_penalties': {}}, {'agent_id': 16, 'node': 10276852253, 'goal': 4119764189, 'current_target': 4119764189, 'committed_next': None, 'candidates': [], 'q_values': [-153.6856231689453, -157.44261169433594, -154.17886352539062, -156.60215759277344, -154.18292236328125, -123.48438262939453, -109.09628295898438, -0.28638291358947754, 0.07059027254581451], 'masked_q_values': [-153.6856231689453, -1000000000.0, -1000000000.0, -1000000000.0, -1000000000.0, -1000000000.0, -1000000000.0, -1000000000.0, -1000000000.0], 'action_mask': [1, 0, 0, 0, 0, 0, 0, 0, 0], 'density_penalties': {}}, {'agent_id': 17, 'node': 10554949191, 'goal': 1519090049, 'current_target': 1519090049, 'committed_next': None, 'candidates': [], 'q_values': [-153.54013061523438, -157.28868103027344, -153.92236328125, -156.40008544921875, -154.055419921875, -123.43807220458984, -108.6297836303711, -0.2837275266647339, 0.07424800097942352], 'masked_q_values': [-153.54013061523438, -1000000000.0, -1000000000.0, -1000000000.0, -1000000000.0, -1000000000.0, -1000000000.0, -1000000000.0, -1000000000.0], 'action_mask': [1, 0, 0, 0, 0, 0, 0, 0, 0], 'density_penalties': {}}, {'agent_id': 19, 'node': 10268794420, 'goal': 5271377908, 'current_target': 5271377908, 'committed_next': None, 'candidates': [], 'q_values': [-149.4586944580078, -153.27162170410156, -149.84722900390625, -152.28314208984375, -149.99798583984375, -120.63797760009766, -105.89986419677734, -0.3428494334220886, 0.027424022555351257], 'masked_q_values': [-149.4586944580078, -1000000000.0, -1000000000.0, -1000000000.0, -1000000000.0, -1000000000.0, -1000000000.0, -1000000000.0, -1000000000.0], 'action_mask': [1, 0, 0, 0, 0, 0, 0, 0, 0], 'density_penalties': {}}, {'agent_id': 20, 'node': 10215084898, 'goal': 1519090049, 'current_target': 1519090049, 'committed_next': None, 'candidates': [], 'q_values': [-146.29440307617188, -149.5855255126953, -146.551513671875, -148.8402099609375, -146.5187530517578, -117.58824920654297, -103.17290496826172, -0.23293070495128632, 0.06540791690349579], 'masked_q_values': [-146.29440307617188, -1000000000.0, -1000000000.0, -1000000000.0, -1000000000.0, -1000000000.0, -1000000000.0, -1000000000.0, -1000000000.0], 'action_mask': [1, 0, 0, 0, 0, 0, 0, 0, 0], 'density_penalties': {}}, {'agent_id': 26, 'node': 7026585624, 'goal': 7245509787, 'current_target': 7245509787, 'committed_next': None, 'candidates': [], 'q_values': [-152.8328094482422, -156.60128784179688, -153.17898559570312, -155.6661376953125, -153.35118103027344, -122.87301635742188, -108.13977813720703, -0.2830577492713928, 0.07170926034450531], 'masked_q_values': [-152.8328094482422, -1000000000.0, -1000000000.0, -1000000000.0, -1000000000.0, -1000000000.0, -1000000000.0, -1000000000.0, -1000000000.0], 'action_mask': [1, 0, 0, 0, 0, 0, 0, 0, 0], 'density_penalties': {}}, {'agent_id': 35, 'node': 10268794420, 'goal': 5271377908, 'current_target': 5271377908, 'committed_next': None, 'candidates': [], 'q_values': [-149.74771118164062, -153.5414276123047, -150.2576904296875, -152.71299743652344, -150.27548217773438, -120.5538558959961, -106.16424560546875, -0.3459382653236389, -0.007680192589759827], 'masked_q_values': [-149.74771118164062, -1000000000.0, -1000000000.0, -1000000000.0, -1000000000.0, -1000000000.0, -1000000000.0, -1000000000.0, -1000000000.0], 'action_mask': [1, 0, 0, 0, 0, 0, 0, 0, 0], 'density_penalties': {}}, {'agent_id': 38, 'node': 10554878463, 'goal': 1519090049, 'current_target': 1519090049, 'committed_next': None, 'candidates': [], 'q_values': [-155.3673095703125, -159.08135986328125, -155.96408081054688, -158.40463256835938, -155.872314453125, -124.66236114501953, -110.26905059814453, -0.2715326249599457, 0.08402638137340546], 'masked_q_values': [-155.3673095703125, -1000000000.0, -1000000000.0, -1000000000.0, -1000000000.0, -1000000000.0, -1000000000.0, -1000000000.0, -1000000000.0], 'action_mask': [1, 0, 0, 0, 0, 0, 0, 0, 0], 'density_penalties': {}}, {'agent_id': 40, 'node': 7026585624, 'goal': 4374241319, 'current_target': 4374241319, 'committed_next': None, 'candidates': [], 'q_values': [41.86290740966797, 46.17189407348633, 43.25298309326172, 41.99847412109375, 45.00676727294922, 39.026119232177734, 32.8857421875, -1.012857437133789, 0.36549174785614014], 'masked_q_values': [41.86290740966797, -1000000000.0, -1000000000.0, -1000000000.0, -1000000000.0, -1000000000.0, -1000000000.0, -1000000000.0, -1000000000.0], 'action_mask': [1, 0, 0, 0, 0, 0, 0, 0, 0], 'density_penalties': {}}]"
enterprise_blizzard_extreme,20260234,drqn,600,55,24,85.1292,1.0,0.4364,85.1292,,,0.4444,0.4375,0.0069,10206586532->1526930524:55;1526930524->10206586532:55;6575669629->6575669630:49;10274265613->10274251507:48;10274251507->10274265613:48;6575669630->6575669629:48;7013790682->7013807289:43;7013807289->7013790682:42;8118847074->8118847444:41;1400559639->83556534:40,0.0,2,0.5714,7,0.5,2,0.3333,3,0.5,2,0.0,1,1.0,2,0.4,5,,,0.4,5,0.6667,6,,,0.2222,9,0.25,4,,,0.5,2,0.0,2,1.0,2,1.0,1,0.4074,27,0.4375,16,0.6667,3,0.4444,9,0,False,False,,,"[{'agent_id': 3, 'node': 3804130978, 'goal': 1525505969, 'current_target': 1525505969, 'committed_next': None, 'candidates': [], 'q_values': [-147.30494689941406, -150.9813232421875, -147.98513793945312, -150.129150390625, -147.65960693359375, -118.37036895751953, -104.01652526855469, -0.35941457748413086, -0.06550733745098114], 'masked_q_values': [-147.30494689941406, -1000000000.0, -1000000000.0, -1000000000.0, -1000000000.0, -1000000000.0, -1000000000.0, -1000000000.0, -1000000000.0], 'action_mask': [1, 0, 0, 0, 0, 0, 0, 0, 0], 'density_penalties': {}}, {'agent_id': 5, 'node': 10125220338, 'goal': 5233943901, 'current_target': 5233943901, 'committed_next': None, 'candidates': [], 'q_values': [-146.32229614257812, -150.1276092529297, -146.71820068359375, -149.36456298828125, -146.77496337890625, -117.7321548461914, -103.32532501220703, -0.34705114364624023, -0.04364009201526642], 'masked_q_values': [-146.32229614257812, -1000000000.0, -1000000000.0, -1000000000.0, -1000000000.0, -1000000000.0, -1000000000.0, -1000000000.0, -1000000000.0], 'action_mask': [1, 0, 0, 0, 0, 0, 0, 0, 0], 'density_penalties': {}}, {'agent_id': 7, 'node': 1526930831, 'goal': 1525505969, 'current_target': 1525505969, 'committed_next': None, 'candidates': [], 'q_values': [-150.18482971191406, -153.944580078125, -150.65994262695312, -153.09017944335938, -150.6483154296875, -121.0887680053711, -106.02718353271484, -0.33695876598358154, 0.02191285789012909], 'masked_q_values': [-150.18482971191406, -1000000000.0, -1000000000.0, -1000000000.0, -1000000000.0, -1000000000.0, -1000000000.0, -1000000000.0, -1000000000.0], 'action_mask': [1, 0, 0, 0, 0, 0, 0, 0, 0], 'density_penalties': {}}, {'agent_id': 11, 'node': 5233943899, 'goal': 5233943901, 'current_target': 5233943901, 'committed_next': None, 'candidates': [], 'q_values': [-145.92518615722656, -149.49159240722656, -146.48480224609375, -148.88345336914062, -146.41436767578125, -117.22090911865234, -103.04051971435547, -0.3333894908428192, -0.0907064825296402], 'masked_q_values': [-145.92518615722656, -1000000000.0, -1000000000.0, -1000000000.0, -1000000000.0, -1000000000.0, -1000000000.0, -1000000000.0, -1000000000.0], 'action_mask': [1, 0, 0, 0, 0, 0, 0, 0, 0], 'density_penalties': {}}, {'agent_id': 14, 'node': 10206586532, 'goal': 389015305, 'current_target': 389015305, 'committed_next': None, 'candidates': [], 'q_values': [-151.37445068359375, -155.64048767089844, -151.24850463867188, -154.63894653320312, -151.8145294189453, -120.46440887451172, -108.63736724853516, -0.23799267411231995, 0.06597574055194855], 'masked_q_values': [-151.37445068359375, -1000000000.0, -1000000000.0, -1000000000.0, -1000000000.0, -1000000000.0, -1000000000.0, -1000000000.0, -1000000000.0], 'action_mask': [1, 0, 0, 0, 0, 0, 0, 0, 0], 'density_penalties': {}}, {'agent_id': 15, 'node': 10206561255, 'goal': 10206645943, 'current_target': 10206645943, 'committed_next': None, 'candidates': [], 'q_values': [-144.0041046142578, -147.5686492919922, -144.490234375, -146.79847717285156, -144.48123168945312, -115.85372161865234, -101.49588775634766, -0.3306651711463928, -0.08679245412349701], 'masked_q_values': [-144.0041046142578, -1000000000.0, -1000000000.0, -1000000000.0, -1000000000.0, -1000000000.0, -1000000000.0, -1000000000.0, -1000000000.0], 'action_mask': [1, 0, 0, 0, 0, 0, 0, 0, 0], 'density_penalties': {}}, {'agent_id': 16, 'node': 10274265621, 'goal': 389015305, 'current_target': 389015305, 'committed_next': None, 'candidates': [], 'q_values': [-150.64459228515625, -154.9391632080078, -150.6925506591797, -154.16604614257812, -151.34461975097656, -120.05365753173828, -107.88410186767578, -0.25662270188331604, 0.07757149636745453], 'masked_q_values': [-150.64459228515625, -1000000000.0, -1000000000.0, -1000000000.0, -1000000000.0, -1000000000.0, -1000000000.0, -1000000000.0, -1000000000.0], 'action_mask': [1, 0, 0, 0, 0, 0, 0, 0, 0], 'density_penalties': {}}, {'agent_id': 17, 'node': 5233943907, 'goal': 5233943901, 'current_target': 5233943901, 'committed_next': None, 'candidates': [], 'q_values': [-146.806640625, -150.43714904785156, -147.37164306640625, -149.8509063720703, -147.35150146484375, -117.98453521728516, -103.75080108642578, -0.33312076330184937, -0.07922960817813873], 'masked_q_values': [-146.806640625, -1000000000.0, -1000000000.0, -1000000000.0, -1000000000.0, -1000000000.0, -1000000000.0, -1000000000.0, -1000000000.0], 'action_mask': [1, 0, 0, 0, 0, 0, 0, 0, 0], 'density_penalties': {}}, {'agent_id': 18, 'node': 6575669630, 'goal': 389015305, 'current_target': 389015305, 'committed_next': None, 'candidates': [], 'q_values': [-150.63922119140625, -155.02456665039062, -150.50880432128906, -153.92282104492188, -151.05218505859375, -119.89913177490234, -108.25870513916016, -0.2638843059539795, 0.08003543317317963], 'masked_q_values': [-150.63922119140625, -1000000000.0, -1000000000.0, -1000000000.0, -1000000000.0, -1000000000.0, -1000000000.0, -1000000000.0, -1000000000.0], 'action_mask': [1, 0, 0, 0, 0, 0, 0, 0, 0], 'density_penalties': {}}, {'agent_id': 19, 'node': 83556534, 'goal': 389015305, 'current_target': 389015305, 'committed_next': None, 'candidates': [], 'q_values': [-146.40289306640625, -150.64549255371094, -146.382568359375, -150.21319580078125, -147.2445068359375, -116.66033172607422, -105.07832336425781, -0.27205461263656616, 0.0678587406873703], 'masked_q_values': [-146.40289306640625, -1000000000.0, -1000000000.0, -1000000000.0, -1000000000.0, -1000000000.0, -1000000000.0, -1000000000.0, -1000000000.0], 'action_mask': [1, 0, 0, 0, 0, 0, 0, 0, 0], 'density_penalties': {}}, {'agent_id': 22, 'node': 1526930831, 'goal': 1525505969, 'current_target': 1525505969, 'committed_next': None, 'candidates': [], 'q_values': [-149.67137145996094, -153.48548889160156, -150.03579711914062, -152.51565551757812, -150.0308380126953, -120.58299255371094, -105.47014617919922, -0.3360908031463623, 0.029806211590766907], 'masked_q_values': [-149.67137145996094, -1000000000.0, -1000000000.0, -1000000000.0, -1000000000.0, -1000000000.0, -1000000000.0, -1000000000.0, -1000000000.0], 'action_mask': [1, 0, 0, 0, 0, 0, 0, 0, 0], 'density_penalties': {}}, {'agent_id': 24, 'node': 7245480014, 'goal': 1525505969, 'current_target': 1525505969, 'committed_next': None, 'candidates': [], 'q_values': [-145.64427185058594, -149.2639617919922, -146.3077392578125, -148.0900421142578, -145.96092224121094, -117.2792739868164, -102.57140350341797, -0.3396449685096741, -0.017789646983146667], 'masked_q_values': [-145.64427185058594, -1000000000.0, -1000000000.0, -1000000000.0, -1000000000.0, -1000000000.0, -1000000000.0, -1000000000.0, -1000000000.0], 'action_mask': [1, 0, 0, 0, 0, 0, 0, 0, 0], 'density_penalties': {}}, {'agent_id': 26, 'node': 7014028898, 'goal': 389015305, 'current_target': 389015305, 'committed_next': None, 'candidates': [], 'q_values': [-149.62432861328125, -154.0240020751953, -149.423095703125, -152.8498992919922, -149.95980834960938, -118.98522186279297, -107.59274291992188, -0.26460888981819153, 0.07440696656703949], 'masked_q_values': [-149.62432861328125, -1000000000.0, -1000000000.0, -1000000000.0, -1000000000.0, -1000000000.0, -1000000000.0, -1000000000.0, -1000000000.0], 'action_mask': [1, 0, 0, 0, 0, 0, 0, 0, 0], 'density_penalties': {}}, {'agent_id': 27, 'node': 7245480014, 'goal': 1525505969, 'current_target': 1525505969, 'committed_next': None, 'candidates': [], 'q_values': [-145.15985107421875, -148.7650909423828, -145.7962646484375, -147.57012939453125, -145.4376678466797, -116.85143280029297, -102.1624755859375, -0.33720093965530396, -0.014632418751716614], 'masked_q_values': [-145.15985107421875, -1000000000.0, -1000000000.0, -1000000000.0, -1000000000.0, -1000000000.0, -1000000000.0, -1000000000.0, -1000000000.0], 'action_mask': [1, 0, 0, 0, 0, 0, 0, 0, 0], 'density_penalties': {}}, {'agent_id': 30, 'node': 11897468754, 'goal': 389015305, 'current_target': 389015305, 'committed_next': None, 'candidates': [], 'q_values': [-154.2469482421875, -158.21363830566406, -154.54905700683594, -157.395263671875, -154.52017211914062, -123.1976318359375, -110.64545440673828, -0.2725396156311035, 0.06880219280719757], 'masked_q_values': [-154.2469482421875, -1000000000.0, -1000000000.0, -1000000000.0, -1000000000.0, -1000000000.0, -1000000000.0, -1000000000.0, -1000000000.0], 'action_mask': [1, 0, 0, 0, 0, 0, 0, 0, 0], 'density_penalties': {}}, {'agent_id': 32, 'node': 7013807289, 'goal': 389015305, 'current_target': 389015305, 'committed_next': None, 'candidates': [], 'q_values': [-156.36082458496094, -160.26712036132812, -156.49620056152344, -159.27279663085938, -156.44949340820312, -124.74517822265625, -111.30349731445312, -0.26308906078338623, 0.10348094999790192], 'masked_q_values': [-156.36082458496094, -1000000000.0, -1000000000.0, -1000000000.0, -1000000000.0, -1000000000.0, -1000000000.0, -1000000000.0, -1000000000.0], 'action_mask': [1, 0, 0, 0, 0, 0, 0, 0, 0], 'density_penalties': {}}, {'agent_id': 34, 'node': 3804130978, 'goal': 1525505969, 'current_target': 1525505969, 'committed_next': None, 'candidates': [], 'q_values': [-148.87588500976562, -152.5133819580078, -149.5684814453125, -151.67701721191406, -149.1400909423828, -119.44491577148438, -105.18236541748047, -0.33178597688674927, -0.037022337317466736], 'masked_q_values': [-148.87588500976562, -1000000000.0, -1000000000.0, -1000000000.0, -1000000000.0, -1000000000.0, -1000000000.0, -1000000000.0, -1000000000.0], 'action_mask': [1, 0, 0, 0, 0, 0, 0, 0, 0], 'density_penalties': {}}, {'agent_id': 37, 'node': 11181443765, 'goal': 1525435915, 'current_target': 1525435915, 'committed_next': None, 'candidates': [], 'q_values': [-149.39413452148438, -153.00511169433594, -149.8215789794922, -152.19281005859375, -149.7568359375, -120.43213653564453, -105.43467712402344, -0.298674076795578, 0.041912779211997986], 'masked_q_values': [-149.39413452148438, -1000000000.0, -1000000000.0, -1000000000.0, -1000000000.0, -1000000000.0, -1000000000.0, -1000000000.0, -1000000000.0], 'action_mask': [1, 0, 0, 0, 0, 0, 0, 0, 0], 'density_penalties': {}}, {'agent_id': 38, 'node': 6496723775, 'goal': 389015305, 'current_target': 389015305, 'committed_next': None, 'candidates': [], 'q_values': [-153.97840881347656, -157.76214599609375, -154.16656494140625, -156.6832733154297, -154.21685791015625, -123.24703979492188, -109.15699768066406, -0.23743470013141632, 0.1315993219614029], 'masked_q_values': [-153.97840881347656, -1000000000.0, -1000000000.0, -1000000000.0, -1000000000.0, -1000000000.0, -1000000000.0, -1000000000.0, -1000000000.0], 'action_mask': [1, 0, 0, 0, 0, 0, 0, 0, 0], 'density_penalties': {}}]"
enterprise_blizzard_extreme,20260235,drqn,600,55,38,55.7648,1.0,0.6909,55.7648,,,0.875,0.5714,0.3036,1525462051->1525461914:38;1525461914->1525462051:38;10125178407->5233943890:22;5233943890->10125178407:22;1407781207->1400441858:12;10221745754->10221745750:10;10221745750->10220116642:10;1530225806->10221745747:9;10221745747->10221745754:9;10220116642->10220116630:9,1.0,1,0.6364,11,,,1.0,1,,,0.6,5,1.0,3,0.8,5,1.0,3,0.5,6,0.5714,7,1.0,1,0.8,5,,,,,1.0,1,,,0.75,4,,,0.6875,32,0.5714,14,1.0,1,0.875,8,0,False,False,0.0,2,"[{'agent_id': 3, 'node': 1530225821, 'goal': 10220116650, 'current_target': 10220116650, 'committed_next': None, 'candidates': [], 'q_values': [-147.63539123535156, -151.15478515625, -148.19363403320312, -150.46224975585938, -147.77227783203125, -118.28905487060547, -104.20728302001953, -0.2790030241012573, -0.02444310486316681], 'masked_q_values': [-147.63539123535156, -1000000000.0, -1000000000.0, -1000000000.0, -1000000000.0, -1000000000.0, -1000000000.0, -1000000000.0, -1000000000.0], 'action_mask': [1, 0, 0, 0, 0, 0, 0, 0, 0], 'density_penalties': {}}, {'agent_id': 4, 'node': 5233944722, 'goal': 11577615044, 'current_target': 11577615044, 'committed_next': None, 'candidates': [], 'q_values': [-149.056640625, -152.80274963378906, -149.11587524414062, -151.98605346679688, -149.46826171875, -119.34896087646484, -105.80905151367188, -0.20947358012199402, 0.04917047917842865], 'masked_q_values': [-149.056640625, -1000000000.0, -1000000000.0, -1000000000.0, -1000000000.0, -1000000000.0, -1000000000.0, -1000000000.0, -1000000000.0], 'action_mask': [1, 0, 0, 0, 0, 0, 0, 0, 0], 'density_penalties': {}}, {'agent_id': 12, 'node': 1525462051, 'goal': 1400441858, 'current_target': 1400441858, 'committed_next': None, 'candidates': [], 'q_values': [-149.2718963623047, -152.68089294433594, -149.84625244140625, -152.0467071533203, -149.5709228515625, -119.9001693725586, -105.18209075927734, -0.2790372967720032, 0.0021195262670516968], 'masked_q_values': [-149.2718963623047, -1000000000.0, -1000000000.0, -1000000000.0, -1000000000.0, -1000000000.0, -1000000000.0, -1000000000.0, -1000000000.0], 'action_mask': [1, 0, 0, 0, 0, 0, 0, 0, 0], 'density_penalties': {}}, {'agent_id': 17, 'node': 6610939670, 'goal': 4539792301, 'current_target': 4539792301, 'committed_next': None, 'candidates': [], 'q_values': [-143.81570434570312, -147.32073974609375, -144.2430419921875, -146.53097534179688, -144.0697479248047, -115.58209228515625, -101.27266693115234, -0.3001824915409088, -0.0630774050951004], 'masked_q_values': [-143.81570434570312, -1000000000.0, -1000000000.0, -1000000000.0, -1000000000.0, -1000000000.0, -1000000000.0, -1000000000.0, -1000000000.0], 'action_mask': [1, 0, 0, 0, 0, 0, 0, 0, 0], 'density_penalties': {}}]"
enterprise_blizzard_extreme,20260236,drqn,600,55,29,76.3153,1.0,0.5273,76.3153,,,0.5,0.6364,-0.1364,1530466308->1530473146:33;1530473146->1530466308:30;6983068150->6983068175:24;6983068175->6983068150:23;6496723775->4374241273:17;6704018608->6704018610:16;4374241273->6496723775:15;6704018610->6704018608:15;6983068150->6240395061:14;7245480025->7256764794:13,,,0.7692,13,1.0,2,1.0,3,0.0,1,0.0,3,0.0,1,0.6667,3,0.6667,3,0.6667,6,0.3,10,,,0.5,6,0.0,1,0.0,1,,,,,0.0,1,0.0,1,0.5405,37,0.6364,11,0.0,3,0.5,4,0,False,False,,,"[{'agent_id': 2, 'node': 1530466308, 'goal': 2026701044, 'current_target': 2026701044, 'committed_next': None, 'candidates': [], 'q_values': [-147.08547973632812, -150.7334442138672, -147.54788208007812, -149.67489624023438, -147.173583984375, -118.18012237548828, -103.72737884521484, -0.333895742893219, -0.018461182713508606], 'masked_q_values': [-147.08547973632812, -1000000000.0, -1000000000.0, -1000000000.0, -1000000000.0, -1000000000.0, -1000000000.0, -1000000000.0, -1000000000.0], 'action_mask': [1, 0, 0, 0, 0, 0, 0, 0, 0], 'density_penalties': {}}, {'agent_id': 3, 'node': 1224162508, 'goal': 1467750168, 'current_target': 1467750168, 'committed_next': None, 'candidates': [], 'q_values': [-148.90872192382812, -152.6800079345703, -149.35086059570312, -151.8193359375, -149.24972534179688, -119.84676361083984, -105.05762481689453, -0.3465680778026581, -0.010406747460365295], 'masked_q_values': [-148.90872192382812, -1000000000.0, -1000000000.0, -1000000000.0, -1000000000.0, -1000000000.0, -1000000000.0, -1000000000.0, -1000000000.0], 'action_mask': [1, 0, 0, 0, 0, 0, 0, 0, 0], 'density_penalties': {}}, {'agent_id': 5, 'node': 8496637483, 'goal': 83716675, 'current_target': 83716675, 'committed_next': None, 'candidates': [], 'q_values': [-146.24435424804688, -149.5355682373047, -147.0181427001953, -148.89541625976562, -146.7554931640625, -117.68575286865234, -102.82122802734375, -0.3268333971500397, -0.030137255787849426], 'masked_q_values': [-146.24435424804688, -1000000000.0, -1000000000.0, -1000000000.0, -1000000000.0, -1000000000.0, -1000000000.0, -1000000000.0, -1000000000.0], 'action_mask': [1, 0, 0, 0, 0, 0, 0, 0, 0], 'density_penalties': {}}, {'agent_id': 7, 'node': 6296645344, 'goal': 2026701044, 'current_target': 2026701044, 'committed_next': None, 'candidates': [], 'q_values': [-148.82696533203125, -152.4113006591797, -149.2161407470703, -151.6014404296875, -149.22705078125, -120.19993591308594, -105.03943634033203, -0.29499244689941406, 0.0581660121679306], 'masked_q_values': [-148.82696533203125, -1000000000.0, -1000000000.0, -1000000000.0, -1000000000.0, -1000000000.0, -1000000000.0, -1000000000.0, -1000000000.0], 'action_mask': [1, 0, 0, 0, 0, 0, 0, 0, 0], 'density_penalties': {}}, {'agent_id': 10, 'node': 10269923661, 'goal': 10125220357, 'current_target': 10125220357, 'committed_next': None, 'candidates': [], 'q_values': [-143.22604370117188, -146.9079132080078, -143.64764404296875, -146.17019653320312, -143.55288696289062, -114.9820556640625, -101.35640716552734, -0.37132903933525085, -0.11740811169147491], 'masked_q_values': [-143.22604370117188, -1000000000.0, -1000000000.0, -1000000000.0, -1000000000.0, -1000000000.0, -1000000000.0, -1000000000.0, -1000000000.0], 'action_mask': [1, 0, 0, 0, 0, 0, 0, 0, 0], 'density_penalties': {}}, {'agent_id': 16, 'node': 10276649980, 'goal': 10125220357, 'current_target': 10125220357, 'committed_next': None, 'candidates': [], 'q_values': [36.14970016479492, 40.61715316772461, 39.64143753051758, 37.338966369628906, 39.822105407714844, 32.95881652832031, 26.694395065307617, -1.1452738046646118, 0.15023984014987946], 'masked_q_values': [36.14970016479492, -1000000000.0, -1000000000.0, -1000000000.0, -1000000000.0, -1000000000.0, -1000000000.0, -1000000000.0, -1000000000.0], 'action_mask': [1, 0, 0, 0, 0, 0, 0, 0, 0], 'density_penalties': {}}, {'agent_id': 18, 'node': 384790790, 'goal': 2026701044, 'current_target': 2026701044, 'committed_next': None, 'candidates': [], 'q_values': [-149.57394409179688, -153.36233520507812, -149.94400024414062, -152.2789306640625, -149.83248901367188, -120.64237213134766, -105.4325180053711, -0.3437591791152954, 0.04331575334072113], 'masked_q_values': [-149.57394409179688, -1000000000.0, -1000000000.0, -1000000000.0, -1000000000.0, -1000000000.0, -1000000000.0, -1000000000.0, -1000000000.0], 'action_mask': [1, 0, 0, 0, 0, 0, 0, 0, 0], 'density_penalties': {}}, {'agent_id': 21, 'node': 5692268284, 'goal': 10125220357, 'current_target': 10125220357, 'committed_next': None, 'candidates': [], 'q_values': [-143.56871032714844, -147.2194366455078, -143.99563598632812, -146.48452758789062, -143.89959716796875, -115.29906463623047, -101.4516830444336, -0.35751160979270935, -0.10358597338199615], 'masked_q_values': [-143.56871032714844, -1000000000.0, -1000000000.0, -1000000000.0, -1000000000.0, -1000000000.0, -1000000000.0, -1000000000.0, -1000000000.0], 'action_mask': [1, 0, 0, 0, 0, 0, 0, 0, 0], 'density_penalties': {}}, {'agent_id': 23, 'node': 5868549108, 'goal': 1467750168, 'current_target': 1467750168, 'committed_next': None, 'candidates': [], 'q_values': [-131.06619262695312, -133.7108612060547, -130.6428985595703, -131.30398559570312, -129.91384887695312, -105.8514633178711, -92.0040283203125, -0.33282703161239624, 0.1477554589509964], 'masked_q_values': [-131.06619262695312, -1000000000.0, -1000000000.0, -1000000000.0, -1000000000.0, -1000000000.0, -1000000000.0, -1000000000.0, -1000000000.0], 'action_mask': [1, 0, 0, 0, 0, 0, 0, 0, 0], 'density_penalties': {}}, {'agent_id': 30, 'node': 6704018610, 'goal': 12372272604, 'current_target': 12372272604, 'committed_next': None, 'candidates': [], 'q_values': [-133.27407836914062, -135.3094940185547, -133.8301544189453, -136.49497985839844, -134.09945678710938, -106.62614440917969, -94.87459564208984, -0.34306949377059937, 0.057243868708610535], 'masked_q_values': [-133.27407836914062, -1000000000.0, -1000000000.0, -1000000000.0, -1000000000.0, -1000000000.0, -1000000000.0, -1000000000.0, -1000000000.0], 'action_mask': [1, 0, 0, 0, 0, 0, 0, 0, 0], 'density_penalties': {}}, {'agent_id': 31, 'node': 6983068175, 'goal': 83716675, 'current_target': 83716675, 'committed_next': None, 'candidates': [], 'q_values': [-139.04360961914062, -141.8111114501953, -139.9152374267578, -142.62774658203125, -140.40780639648438, -111.3767318725586, -98.78401947021484, -0.4323437809944153, 0.1001865416765213], 'masked_q_values': [-139.04360961914062, -1000000000.0, -1000000000.0, -1000000000.0, -1000000000.0, -1000000000.0, -1000000000.0, -1000000000.0, -1000000000.0], 'action_mask': [1, 0, 0, 0, 0, 0, 0, 0, 0], 'density_penalties': {}}, {'agent_id': 34, 'node': 6983068175, 'goal': 83716675, 'current_target': 83716675, 'committed_next': None, 'candidates': [], 'q_values': [-143.0885009765625, -146.3292999267578, -143.59725952148438, -146.26327514648438, -143.86962890625, -114.7928695678711, -101.39458465576172, -0.3857921063899994, 0.043897077441215515], 'masked_q_values': [-143.0885009765625, -1000000000.0, -1000000000.0, -1000000000.0, -1000000000.0, -1000000000.0, -1000000000.0, -1000000000.0, -1000000000.0], 'action_mask': [1, 0, 0, 0, 0, 0, 0, 0, 0], 'density_penalties': {}}, {'agent_id': 36, 'node': 8118847339, 'goal': 83716675, 'current_target': 83716675, 'committed_next': None, 'candidates': [], 'q_values': [-147.04403686523438, -150.34864807128906, -147.71743774414062, -149.58187866210938, -147.51539611816406, -118.37162780761719, -103.36165618896484, -0.30227044224739075, 0.01355038583278656], 'masked_q_values': [-147.04403686523438, -1000000000.0, -1000000000.0, -1000000000.0, -1000000000.0, -1000000000.0, -1000000000.0, -1000000000.0, -1000000000.0], 'action_mask': [1, 0, 0, 0, 0, 0, 0, 0, 0], 'density_penalties': {}}, {'agent_id': 39, 'node': 10213549220, 'goal': 83716675, 'current_target': 83716675, 'committed_next': None, 'candidates': [], 'q_values': [-142.71630859375, -146.29820251464844, -143.21609497070312, -145.58975219726562, -143.07994079589844, -114.56526184082031, -100.77689361572266, -0.3707793653011322, -0.13591404259204865], 'masked_q_values': [-142.71630859375, -1000000000.0, -1000000000.0, -1000000000.0, -1000000000.0, -1000000000.0, -1000000000.0, -1000000000.0, -1000000000.0], 'action_mask': [1, 0, 0, 0, 0, 0, 0, 0, 0], 'density_penalties': {}}, {'agent_id': 40, 'node': 1530466308, 'goal': 2026701044, 'current_target': 2026701044, 'committed_next': None, 'candidates': [], 'q_values': [-149.61050415039062, -153.400634765625, -150.03396606445312, -152.4376220703125, -149.95849609375, -120.78400421142578, -105.58643341064453, -0.3593476712703705, 0.018044188618659973], 'masked_q_values': [-149.61050415039062, -1000000000.0, -1000000000.0, -1000000000.0, -1000000000.0, -1000000000.0, -1000000000.0, -1000000000.0, -1000000000.0], 'action_mask': [1, 0, 0, 0, 0, 0, 0, 0, 0], 'density_penalties': {}}]"
enterprise_blizzard_extreme,20260237,drqn,600,55,27,98.8147,1.0,0.4909,98.8147,,,0.4,0.6364,-0.2364,83537251->7010938186:47;7010938186->83537251:47;1616750086->1616750087:46;1616750087->1616750086:46;5271377487->5271377489:38;5271377489->5271377487:37;7252947394->7245480027:36;7245480027->7252947394:36;9509032713->6620807158:18;10269991846->1530248957:16,0.25,4,0.6364,11,0.4,5,,,0.0,1,0.6,5,0.6667,3,,,,,1.0,2,0.5714,7,,,0.25,4,0.0,1,0.0,1,0.5,4,0.0,2,0.0,1,0.0,1,0.5,36,0.6364,11,0.0,3,0.4,5,0,False,False,1.0,3,"[{'agent_id': 2, 'node': 83566684, 'goal': 12372272604, 'current_target': 12372272604, 'committed_next': None, 'candidates': [], 'q_values': [-150.99325561523438, -154.84190368652344, -151.4493408203125, -153.9198455810547, -151.4353485107422, -121.73111724853516, -106.46793365478516, -0.34965479373931885, 0.0375794917345047], 'masked_q_values': [-150.99325561523438, -1000000000.0, -1000000000.0, -1000000000.0, -1000000000.0, -1000000000.0, -1000000000.0, -1000000000.0, -1000000000.0], 'action_mask': [1, 0, 0, 0, 0, 0, 0, 0, 0], 'density_penalties': {}}, {'agent_id': 3, 'node': 1400583669, 'goal': 6296618617, 'current_target': 6296618617, 'committed_next': None, 'candidates': [], 'q_values': [-153.80093383789062, -157.62501525878906, -154.2390899658203, -156.65390014648438, -154.14498901367188, -123.57242584228516, -108.50718688964844, -0.2896174490451813, 0.10273019969463348], 'masked_q_values': [-153.80093383789062, -1000000000.0, -1000000000.0, -1000000000.0, -1000000000.0, -1000000000.0, -1000000000.0, -1000000000.0, -1000000000.0], 'action_mask': [1, 0, 0, 0, 0, 0, 0, 0, 0], 'density_penalties': {}}, {'agent_id': 10, 'node': 1526930579, 'goal': 5349884631, 'current_target': 5349884631, 'committed_next': None, 'candidates': [], 'q_values': [-143.93994140625, -147.70628356933594, -143.90562438964844, -147.00205993652344, -144.18312072753906, -115.35236358642578, -102.31976318359375, -0.26577886939048767, -0.05776838958263397], 'masked_q_values': [-143.93994140625, -1000000000.0, -1000000000.0, -1000000000.0, -1000000000.0, -1000000000.0, -1000000000.0, -1000000000.0, -1000000000.0], 'action_mask': [1, 0, 0, 0, 0, 0, 0, 0, 0], 'density_penalties': {}}, {'agent_id': 11, 'node': 1525526350, 'goal': 10215084896, 'current_target': 10215084896, 'committed_next': None, 'candidates': [], 'q_values': [-38.599403381347656, -35.31631851196289, -35.3231315612793, -38.39839172363281, -35.27775573730469, -24.237567901611328, -24.79689598083496, -0.4563007950782776, 1.0720293521881104], 'masked_q_values': [-38.599403381347656, -1000000000.0, -1000000000.0, -1000000000.0, -1000000000.0, -1000000000.0, -1000000000.0, -1000000000.0, -1000000000.0], 'action_mask': [1, 0, 0, 0, 0, 0, 0, 0, 0], 'density_penalties': {}}, {'agent_id': 13, 'node': 1400583669, 'goal': 6296618617, 'current_target': 6296618617, 'committed_next': None, 'candidates': [], 'q_values': [-150.97213745117188, -154.73831176757812, -151.52496337890625, -153.93295288085938, -151.57833862304688, -121.7601318359375, -106.42838287353516, -0.3232594132423401, 0.033068761229515076], 'masked_q_values': [-150.97213745117188, -1000000000.0, -1000000000.0, -1000000000.0, -1000000000.0, -1000000000.0, -1000000000.0, -1000000000.0, -1000000000.0], 'action_mask': [1, 0, 0, 0, 0, 0, 0, 0, 0], 'density_penalties': {}}, {'agent_id': 15, 'node': 10269991846, 'goal': 5349884631, 'current_target': 5349884631, 'committed_next': None, 'candidates': [], 'q_values': [-144.30157470703125, -147.78994750976562, -144.7663116455078, -147.41973876953125, -144.9539794921875, -115.80510711669922, -102.1413345336914, -0.3394066095352173, 0.016871735453605652], 'masked_q_values': [-144.30157470703125, -1000000000.0, -1000000000.0, -1000000000.0, -1000000000.0, -1000000000.0, -1000000000.0, -1000000000.0, -1000000000.0], 'action_mask': [1, 0, 0, 0, 0, 0, 0, 0, 0], 'density_penalties': {}}, {'agent_id': 19, 'node': 6658251937, 'goal': 6296618617, 'current_target': 6296618617, 'committed_next': None, 'candidates': [], 'q_values': [-148.68814086914062, -152.57986450195312, -149.14358520507812, -151.69195556640625, -149.14108276367188, -119.62134552001953, -104.95181274414062, -0.3681642413139343, -0.003982141613960266], 'masked_q_values': [-148.68814086914062, -1000000000.0, -1000000000.0, -1000000000.0, -1000000000.0, -1000000000.0, -1000000000.0, -1000000000.0, -1000000000.0], 'action_mask': [1, 0, 0, 0, 0, 0, 0, 0, 0], 'density_penalties': {}}, {'agent_id': 20, 'node': 5271377489, 'goal': 11963957087, 'current_target': 11963957087, 'committed_next': None, 'candidates': [], 'q_values': [-142.18936157226562, -145.0042266845703, -142.7806854248047, -143.66168212890625, -142.45083618164062, -114.02045440673828, -99.01639556884766, -0.301020085811615, 0.08388642966747284], 'masked_q_values': [-142.18936157226562, -1000000000.0, -1000000000.0, -1000000000.0, -1000000000.0, -1000000000.0, -1000000000.0, -1000000000.0, -1000000000.0], 'action_mask': [1, 0, 0, 0, 0, 0, 0, 0, 0], 'density_penalties': {}}, {'agent_id': 22, 'node': 8119358127, 'goal': 12372272604, 'current_target': 12372272604, 'committed_next': None, 'candidates': [], 'q_values': [-149.5560760498047, -153.3971710205078, -150.049560546875, -152.49990844726562, -150.09051513671875, -120.52639770507812, -105.36602020263672, -0.33698534965515137, 0.021918699145317078], 'masked_q_values': [-149.5560760498047, -1000000000.0, -1000000000.0, -1000000000.0, -1000000000.0, -1000000000.0, -1000000000.0, -1000000000.0, -1000000000.0], 'action_mask': [1, 0, 0, 0, 0, 0, 0, 0, 0], 'density_penalties': {}}, {'agent_id': 23, 'node': 1525461972, 'goal': 12372272604, 'current_target': 12372272604, 'committed_next': None, 'candidates': [], 'q_values': [76.92420196533203, 79.90967559814453, 79.44453430175781, 80.29300689697266, 82.92310333251953, 60.84585189819336, 59.42831039428711, -0.7835079431533813, 0.28291046619415283], 'masked_q_values': [76.92420196533203, -1000000000.0, -1000000000.0, -1000000000.0, -1000000000.0, -1000000000.0, -1000000000.0, -1000000000.0, -1000000000.0], 'action_mask': [1, 0, 0, 0, 0, 0, 0, 0, 0], 'density_penalties': {}}, {'agent_id': 25, 'node': 12507265632, 'goal': 11963957087, 'current_target': 11963957087, 'committed_next': None, 'candidates': [], 'q_values': [-146.60275268554688, -149.9362335205078, -147.4781036376953, -148.91567993164062, -147.471435546875, -117.7867202758789, -102.4898910522461, -0.2846185266971588, 0.1223677545785904], 'masked_q_values': [-146.60275268554688, -1000000000.0, -1000000000.0, -1000000000.0, -1000000000.0, -1000000000.0, -1000000000.0, -1000000000.0, -1000000000.0], 'action_mask': [1, 0, 0, 0, 0, 0, 0, 0, 0], 'density_penalties': {}}, {'agent_id': 27, 'node': 10554874826, 'goal': 6296618617, 'current_target': 6296618617, 'committed_next': None, 'candidates': [], 'q_values': [-156.92628479003906, -160.5990753173828, -157.56814575195312, -159.76205444335938, -157.23252868652344, -125.71392059326172, -111.23078918457031, -0.2420578896999359, 0.13935910165309906], 'masked_q_values': [-156.92628479003906, -1000000000.0, -1000000000.0, -1000000000.0, -1000000000.0, -1000000000.0, -1000000000.0, -1000000000.0, -1000000000.0], 'action_mask': [1, 0, 0, 0, 0, 0, 0, 0, 0], 'density_penalties': {}}, {'agent_id': 28, 'node': 7252947394, 'goal': 11963957087, 'current_target': 11963957087, 'committed_next': None, 'candidates': [], 'q_values': [-154.61985778808594, -158.468505859375, -154.75311279296875, -157.43716430664062, -155.01602172851562, -123.43374633789062, -110.2823715209961, -0.19874465465545654, 0.12171958386898041], 'masked_q_values': [-154.61985778808594, -1000000000.0, -1000000000.0, -1000000000.0, -1000000000.0, -1000000000.0, -1000000000.0, -1000000000.0, -1000000000.0], 'action_mask': [1, 0, 0, 0, 0, 0, 0, 0, 0], 'density_penalties': {}}, {'agent_id': 30, 'node': 1467750249, 'goal': 11963957087, 'current_target': 11963957087, 'committed_next': None, 'candidates': [], 'q_values': [-149.09368896484375, -153.04855346679688, -149.99639892578125, -153.55892944335938, -150.9681854248047, -119.3288803100586, -106.4884262084961, -0.2766106128692627, 0.10400925576686859], 'masked_q_values': [-149.09368896484375, -1000000000.0, -1000000000.0, -1000000000.0, -1000000000.0, -1000000000.0, -1000000000.0, -1000000000.0, -1000000000.0], 'action_mask': [1, 0, 0, 0, 0, 0, 0, 0, 0], 'density_penalties': {}}, {'agent_id': 32, 'node': 6448222979, 'goal': 10215084896, 'current_target': 10215084896, 'committed_next': None, 'candidates': [], 'q_values': [-146.05250549316406, -149.64248657226562, -146.56446838378906, -149.32565307617188, -146.91819763183594, -117.13501739501953, -103.47969818115234, -0.383165180683136, 0.06939558684825897], 'masked_q_values': [-146.05250549316406, -1000000000.0, -1000000000.0, -1000000000.0, -1000000000.0, -1000000000.0, -1000000000.0, -1000000000.0, -1000000000.0], 'action_mask': [1, 0, 0, 0, 0, 0, 0, 0, 0], 'density_penalties': {}}]"
enterprise_blizzard_extreme,20260238,drqn,600,55,36,46.2809,1.0,0.6545,46.2809,,,0.75,0.75,0.0,8496637483->8118847345:44;8118847345->8496637483:42;6821837414->1832170576:39;1832170576->6821837414:39;6575669632->6575669629:8;6575669629->1525511988:8;11181443770->11181443779:8;1525511988->1525511954:8;5271378020->5271378023:8;11181443779->11181443770:7,0.5,2,0.5714,7,0.0,1,,,1.0,2,1.0,5,0.6667,3,1.0,3,0.3333,3,0.5,2,0.5,6,,,0.6154,13,0.6667,3,,,1.0,1,0.5,2,1.0,2,,,0.5946,37,0.75,8,1.0,2,0.75,8,0,False,False,,,"[{'agent_id': 3, 'node': 8118847345, 'goal': 5271378001, 'current_target': 5271378001, 'committed_next': None, 'candidates': [], 'q_values': [29.99163818359375, 34.31952667236328, 34.12751007080078, 32.95009231567383, 34.48701477050781, 22.057292938232422, 22.969552993774414, -1.1967148780822754, -0.0958109050989151], 'masked_q_values': [29.99163818359375, -1000000000.0, -1000000000.0, -1000000000.0, -1000000000.0, -1000000000.0, -1000000000.0, -1000000000.0, -1000000000.0], 'action_mask': [1, 0, 0, 0, 0, 0, 0, 0, 0], 'density_penalties': {}}, {'agent_id': 15, 'node': 10554949202, 'goal': 1478297367, 'current_target': 1478297367, 'committed_next': None, 'candidates': [], 'q_values': [-124.84329986572266, -126.87775421142578, -124.765625, -126.6280288696289, -124.70331573486328, -99.61251068115234, -87.83911895751953, -0.24248187243938446, -0.031034454703330994], 'masked_q_values': [-124.84329986572266, -1000000000.0, -1000000000.0, -1000000000.0, -1000000000.0, -1000000000.0, -1000000000.0, -1000000000.0, -1000000000.0], 'action_mask': [1, 0, 0, 0, 0, 0, 0, 0, 0], 'density_penalties': {}}, {'agent_id': 16, 'node': 10215084902, 'goal': 1478297367, 'current_target': 1478297367, 'committed_next': None, 'candidates': [], 'q_values': [147.88665771484375, 152.6990509033203, 150.50364685058594, 152.95700073242188, 151.8986053466797, 110.73016357421875, 107.07662200927734, -0.5836520195007324, -0.09657321870326996], 'masked_q_values': [147.88665771484375, -1000000000.0, -1000000000.0, -1000000000.0, -1000000000.0, -1000000000.0, -1000000000.0, -1000000000.0, -1000000000.0], 'action_mask': [1, 0, 0, 0, 0, 0, 0, 0, 0], 'density_penalties': {}}, {'agent_id': 21, 'node': 8118847200, 'goal': 5271378001, 'current_target': 5271378001, 'committed_next': None, 'candidates': [], 'q_values': [-44.42145919799805, -41.282432556152344, -39.922733306884766, -42.90043640136719, -39.818233489990234, -29.33133316040039, -28.014488220214844, -0.29298147559165955, 1.2001878023147583], 'masked_q_values': [-44.42145919799805, -1000000000.0, -1000000000.0, -1000000000.0, -1000000000.0, -1000000000.0, -1000000000.0, -1000000000.0, -1000000000.0], 'action_mask': [1, 0, 0, 0, 0, 0, 0, 0, 0], 'density_penalties': {}}, {'agent_id': 30, 'node': 6821837413, 'goal': 1525511954, 'current_target': 1525511954, 'committed_next': None, 'candidates': [], 'q_values': [-130.19241333007812, -132.79197692871094, -130.28134155273438, -131.475830078125, -129.6555938720703, -104.88624572753906, -91.11489868164062, -0.3585624396800995, -0.04219682514667511], 'masked_q_values': [-130.19241333007812, -1000000000.0, -1000000000.0, -1000000000.0, -1000000000.0, -1000000000.0, -1000000000.0, -1000000000.0, -1000000000.0], 'action_mask': [1, 0, 0, 0, 0, 0, 0, 0, 0], 'density_penalties': {}}]"
enterprise_blizzard_extreme,20260239,drqn,600,55,31,92.0603,1.0,0.5636,92.0603,,,0.6,0.6364,-0.0364,13255088008->13255088007:40;13255088007->13255088008:40;6615501684->8473506958:40;1524306522->1524306494:39;1524306494->1524306522:38;10274251476->10274251470:38;10274251470->10274251476:37;8473506958->6615501684:30;10274251501->10276868509:23;5692252757->4498840806:18,,,0.75,16,1.0,2,0.6667,3,0.0,2,0.4,5,1.0,1,0.5,4,0.3333,3,0.75,4,0.2,5,,,0.5,6,,,,,0.3333,3,,,1.0,1,,,0.5676,37,0.6364,11,0.0,2,0.6,5,0,False,False,,,"[{'agent_id': 4, 'node': 1530225594, 'goal': 1524306464, 'current_target': 1524306464, 'committed_next': None, 'candidates': [], 'q_values': [55.4115104675293, 60.5540885925293, 59.248165130615234, 56.226341247558594, 58.80916213989258, 50.78494644165039, 42.02064514160156, -1.1590369939804077, 0.27356547117233276], 'masked_q_values': [55.4115104675293, -1000000000.0, -1000000000.0, -1000000000.0, -1000000000.0, -1000000000.0, -1000000000.0, -1000000000.0, -1000000000.0], 'action_mask': [1, 0, 0, 0, 0, 0, 0, 0, 0], 'density_penalties': {}}, {'agent_id': 5, 'node': 10125220358, 'goal': 2018002764, 'current_target': 2018002764, 'committed_next': None, 'candidates': [], 'q_values': [-150.12081909179688, -153.7931671142578, -150.45941162109375, -152.3974151611328, -150.11004638671875, -120.85384368896484, -105.84442901611328, -0.3004602789878845, 0.11687184870243073], 'masked_q_values': [-150.12081909179688, -1000000000.0, -1000000000.0, -1000000000.0, -1000000000.0, -1000000000.0, -1000000000.0, -1000000000.0, -1000000000.0], 'action_mask': [1, 0, 0, 0, 0, 0, 0, 0, 0], 'density_penalties': {}}, {'agent_id': 6, 'node': 10215084889, 'goal': 6240396954, 'current_target': 6240396954, 'committed_next': None, 'candidates': [], 'q_values': [-153.44374084472656, -157.31959533691406, -153.8163604736328, -156.42581176757812, -153.90562438964844, -123.35216522216797, -108.55659484863281, -0.31103843450546265, 0.07064561545848846], 'masked_q_values': [-153.44374084472656, -1000000000.0, -1000000000.0, -1000000000.0, -1000000000.0, -1000000000.0, -1000000000.0, -1000000000.0, -1000000000.0], 'action_mask': [1, 0, 0, 0, 0, 0, 0, 0, 0], 'density_penalties': {}}, {'agent_id': 10, 'node': 1529726123, 'goal': 2018002764, 'current_target': 2018002764, 'committed_next': None, 'candidates': [], 'q_values': [-151.12612915039062, -154.9872283935547, -151.7149658203125, -153.9671630859375, -151.3839111328125, -121.75030517578125, -106.9869613647461, -0.38936010003089905, 0.026050850749015808], 'masked_q_values': [-151.12612915039062, -1000000000.0, -1000000000.0, -1000000000.0, -1000000000.0, -1000000000.0, -1000000000.0, -1000000000.0, -1000000000.0], 'action_mask': [1, 0, 0, 0, 0, 0, 0, 0, 0], 'density_penalties': {}}, {'agent_id': 13, 'node': 6615523687, 'goal': 10550594428, 'current_target': 10550594428, 'committed_next': None, 'candidates': [], 'q_values': [-153.54345703125, -157.3674774169922, -154.146728515625, -156.61477661132812, -153.91506958007812, -123.23702239990234, -109.24932861328125, -0.3300592303276062, 0.04053895175457001], 'masked_q_values': [-153.54345703125, -1000000000.0, -1000000000.0, -1000000000.0, -1000000000.0, -1000000000.0, -1000000000.0, -1000000000.0, -1000000000.0], 'action_mask': [1, 0, 0, 0, 0, 0, 0, 0, 0], 'density_penalties': {}}, {'agent_id': 14, 'node': 10215084889, 'goal': 6240396954, 'current_target': 6240396954, 'committed_next': None, 'candidates': [], 'q_values': [-155.20309448242188, -158.9381866455078, -155.75421142578125, -158.23245239257812, -155.65890502929688, -124.4734878540039, -110.24846649169922, -0.27185553312301636, 0.08091898262500763], 'masked_q_values': [-155.20309448242188, -1000000000.0, -1000000000.0, -1000000000.0, -1000000000.0, -1000000000.0, -1000000000.0, -1000000000.0, -1000000000.0], 'action_mask': [1, 0, 0, 0, 0, 0, 0, 0, 0], 'density_penalties': {}}, {'agent_id': 17, 'node': 10550646564, 'goal': 13255088135, 'current_target': 13255088135, 'committed_next': None, 'candidates': [], 'q_values': [-147.8109130859375, -151.74745178222656, -148.2030487060547, -150.87393188476562, -148.21707153320312, -118.74592590332031, -104.73356628417969, -0.36075469851493835, -0.02202339470386505], 'masked_q_values': [-147.8109130859375, -1000000000.0, -1000000000.0, -1000000000.0, -1000000000.0, -1000000000.0, -1000000000.0, -1000000000.0, -1000000000.0], 'action_mask': [1, 0, 0, 0, 0, 0, 0, 0, 0], 'density_penalties': {}}, {'agent_id': 19, 'node': 10274251470, 'goal': 10550594428, 'current_target': 10550594428, 'committed_next': None, 'candidates': [], 'q_values': [-155.97703552246094, -159.80300903320312, -156.24282836914062, -158.8697967529297, -156.3939208984375, -124.65519714355469, -110.76107025146484, -0.224334716796875, 0.13421691954135895], 'masked_q_values': [-155.97703552246094, -1000000000.0, -1000000000.0, -1000000000.0, -1000000000.0, -1000000000.0, -1000000000.0, -1000000000.0, -1000000000.0], 'action_mask': [1, 0, 0, 0, 0, 0, 0, 0, 0], 'density_penalties': {}}, {'agent_id': 21, 'node': 10554854740, 'goal': 10557315346, 'current_target': 10557315346, 'committed_next': None, 'candidates': [], 'q_values': [-146.076904296875, -149.8539581298828, -146.59121704101562, -149.05491638183594, -146.57957458496094, -117.4615478515625, -103.62015533447266, -0.3804645836353302, -0.07699109613895416], 'masked_q_values': [-146.076904296875, -1000000000.0, -1000000000.0, -1000000000.0, -1000000000.0, -1000000000.0, -1000000000.0, -1000000000.0, -1000000000.0], 'action_mask': [1, 0, 0, 0, 0, 0, 0, 0, 0], 'density_penalties': {}}, {'agent_id': 23, 'node': 10215084947, 'goal': 10557315346, 'current_target': 10557315346, 'committed_next': None, 'candidates': [], 'q_values': [-150.0625762939453, -153.77537536621094, -150.69989013671875, -152.98880004882812, -150.61575317382812, -120.8509292602539, -106.12442779541016, -0.3415341079235077, -0.004561856389045715], 'masked_q_values': [-150.0625762939453, -1000000000.0, -1000000000.0, -1000000000.0, -1000000000.0, -1000000000.0, -1000000000.0, -1000000000.0, -1000000000.0], 'action_mask': [1, 0, 0, 0, 0, 0, 0, 0, 0], 'density_penalties': {}}, {'agent_id': 24, 'node': 384793324, 'goal': 6240396954, 'current_target': 6240396954, 'committed_next': None, 'candidates': [], 'q_values': [-147.476806640625, -151.40858459472656, -147.82882690429688, -150.38900756835938, -147.87026977539062, -118.58729553222656, -104.90455627441406, -0.3620862662792206, -0.021665826439857483], 'masked_q_values': [-147.476806640625, -1000000000.0, -1000000000.0, -1000000000.0, -1000000000.0, -1000000000.0, -1000000000.0, -1000000000.0, -1000000000.0], 'action_mask': [1, 0, 0, 0, 0, 0, 0, 0, 0], 'density_penalties': {}}, {'agent_id': 25, 'node': 13255088074, 'goal': 10550594428, 'current_target': 10550594428, 'committed_next': None, 'candidates': [], 'q_values': [-156.8804931640625, -160.7108917236328, -157.00250244140625, -159.55337524414062, -157.05596923828125, -125.17418670654297, -111.57982635498047, -0.21666991710662842, 0.14226709306240082], 'masked_q_values': [-156.8804931640625, -1000000000.0, -1000000000.0, -1000000000.0, -1000000000.0, -1000000000.0, -1000000000.0, -1000000000.0, -1000000000.0], 'action_mask': [1, 0, 0, 0, 0, 0, 0, 0, 0], 'density_penalties': {}}, {'agent_id': 27, 'node': 1524306494, 'goal': 2018002764, 'current_target': 2018002764, 'committed_next': None, 'candidates': [], 'q_values': [-126.9460678100586, -129.87843322753906, -126.67820739746094, -126.88033294677734, -126.4389419555664, -103.05492401123047, -87.63275909423828, -0.3428348898887634, 0.043771371245384216], 'masked_q_values': [-126.9460678100586, -1000000000.0, -1000000000.0, -1000000000.0, -1000000000.0, -1000000000.0, -1000000000.0, -1000000000.0, -1000000000.0], 'action_mask': [1, 0, 0, 0, 0, 0, 0, 0, 0], 'density_penalties': {}}, {'agent_id': 29, 'node': 1529726123, 'goal': 2018002764, 'current_target': 2018002764, 'committed_next': None, 'candidates': [], 'q_values': [-151.9755096435547, -155.79490661621094, -152.42225646972656, -154.77627563476562, -152.14065551757812, -122.34468078613281, -107.44214630126953, -0.36961886286735535, 0.04618276655673981], 'masked_q_values': [-151.9755096435547, -1000000000.0, -1000000000.0, -1000000000.0, -1000000000.0, -1000000000.0, -1000000000.0, -1000000000.0, -1000000000.0], 'action_mask': [1, 0, 0, 0, 0, 0, 0, 0, 0], 'density_penalties': {}}, {'agent_id': 32, 'node': 4498840806, 'goal': 10557315346, 'current_target': 10557315346, 'committed_next': None, 'candidates': [], 'q_values': [-152.280029296875, -156.0607147216797, -152.68264770507812, -155.19395446777344, -152.8060302734375, -122.54584503173828, -107.70613098144531, -0.3067718744277954, 0.047167882323265076], 'masked_q_values': [-152.280029296875, -1000000000.0, -1000000000.0, -1000000000.0, -1000000000.0, -1000000000.0, -1000000000.0, -1000000000.0, -1000000000.0], 'action_mask': [1, 0, 0, 0, 0, 0, 0, 0, 0], 'density_penalties': {}}, {'agent_id': 34, 'node': 391639068, 'goal': 1524306464, 'current_target': 1524306464, 'committed_next': None, 'candidates': [], 'q_values': [53.63054275512695, 59.03110122680664, 58.514644622802734, 54.122596740722656, 56.53836441040039, 49.1191520690918, 39.301719665527344, -1.303948998451233, 0.13560999929904938], 'masked_q_values': [53.63054275512695, -1000000000.0, -1000000000.0, -1000000000.0, -1000000000.0, -1000000000.0, -1000000000.0, -1000000000.0, -1000000000.0], 'action_mask': [1, 0, 0, 0, 0, 0, 0, 0, 0], 'density_penalties': {}}, {'agent_id': 38, 'node': 8118847343, 'goal': 6240396954, 'current_target': 6240396954, 'committed_next': None, 'candidates': [], 'q_values': [-146.78961181640625, -149.93478393554688, -147.57460021972656, -149.18228149414062, -147.25746154785156, -118.09029388427734, -103.13729858398438, -0.33374127745628357, 0.020884737372398376], 'masked_q_values': [-146.78961181640625, -1000000000.0, -1000000000.0, -1000000000.0, -1000000000.0, -1000000000.0, -1000000000.0, -1000000000.0, -1000000000.0], 'action_mask': [1, 0, 0, 0, 0, 0, 0, 0, 0], 'density_penalties': {}}]"
enterprise_blizzard_extreme,20260240,drqn,600,55,23,41.5816,1.0,0.4182,41.5816,,,0.4615,0.3,0.1615,3531672555->83560917:104;83560917->3531672555:103;11812718985->11812719006:49;11812719006->11812718985:48;389052502->6617367132:47;6617367132->389052502:47;10776295030->10776294950:42;10776294950->10776295030:41;11548117326->11548117325:40;5808020832->5808050692:39,0.5,2,0.375,8,0.5,2,0.0,1,,,0.8333,6,0.5714,7,0.4,5,0.0,1,0.25,4,0.2,5,,,0.2857,7,,,1.0,1,0.0,1,0.0,1,0.5,2,,,0.4194,31,0.3,10,1.0,1,0.4615,13,0,False,False,0.5,2,"[{'agent_id': 1, 'node': 10269098998, 'goal': 4374664675, 'current_target': 4374664675, 'committed_next': None, 'candidates': [], 'q_values': [41.892601013183594, 45.599754333496094, 43.48324203491211, 42.968231201171875, 46.57025909423828, 37.71418380737305, 32.815975189208984, -1.0769203901290894, 0.29339802265167236], 'masked_q_values': [41.892601013183594, -1000000000.0, -1000000000.0, -1000000000.0, -1000000000.0, -1000000000.0, -1000000000.0, -1000000000.0, -1000000000.0], 'action_mask': [1, 0, 0, 0, 0, 0, 0, 0, 0], 'density_penalties': {}}, {'agent_id': 3, 'node': 6983068132, 'goal': 10276852290, 'current_target': 10276852290, 'committed_next': None, 'candidates': [], 'q_values': [-130.7442626953125, -133.33412170410156, -130.77593994140625, -132.86553955078125, -130.19781494140625, -103.95954132080078, -92.02718353271484, -0.2839251160621643, -0.17278115451335907], 'masked_q_values': [-130.7442626953125, -1000000000.0, -1000000000.0, -1000000000.0, -1000000000.0, -1000000000.0, -1000000000.0, -1000000000.0, -1000000000.0], 'action_mask': [1, 0, 0, 0, 0, 0, 0, 0, 0], 'density_penalties': {}}, {'agent_id': 4, 'node': 10216185953, 'goal': 10216185928, 'current_target': 10216185928, 'committed_next': None, 'candidates': [], 'q_values': [-132.89895629882812, -135.7480926513672, -133.048828125, -135.377685546875, -132.57606506347656, -105.72959899902344, -93.73668670654297, -0.27962034940719604, -0.17559053003787994], 'masked_q_values': [-132.89895629882812, -1000000000.0, -1000000000.0, -1000000000.0, -1000000000.0, -1000000000.0, -1000000000.0, -1000000000.0, -1000000000.0], 'action_mask': [1, 0, 0, 0, 0, 0, 0, 0, 0], 'density_penalties': {}}, {'agent_id': 6, 'node': 83548010, 'goal': 8119358121, 'current_target': 8119358121, 'committed_next': None, 'candidates': [], 'q_values': [-114.11661529541016, -115.17343139648438, -113.40147399902344, -114.04161071777344, -112.23027801513672, -91.17784881591797, -81.23340606689453, -0.247925266623497, 0.1845681220293045], 'masked_q_values': [-114.11661529541016, -1000000000.0, -1000000000.0, -1000000000.0, -1000000000.0, -1000000000.0, -1000000000.0, -1000000000.0, -1000000000.0], 'action_mask': [1, 0, 0, 0, 0, 0, 0, 0, 0], 'density_penalties': {}}, {'agent_id': 7, 'node': 6677697018, 'goal': 10276852290, 'current_target': 10276852290, 'committed_next': None, 'candidates': [], 'q_values': [-130.17599487304688, -132.68898010253906, -130.09194946289062, -132.0966339111328, -129.53921508789062, -103.732666015625, -91.4526138305664, -0.2824997007846832, -0.15629498660564423], 'masked_q_values': [-130.17599487304688, -1000000000.0, -1000000000.0, -1000000000.0, -1000000000.0, -1000000000.0, -1000000000.0, -1000000000.0, -1000000000.0], 'action_mask': [1, 0, 0, 0, 0, 0, 0, 0, 0], 'density_penalties': {}}, {'agent_id': 8, 'node': 10200584607, 'goal': 10216185928, 'current_target': 10216185928, 'committed_next': None, 'candidates': [], 'q_values': [-124.95967864990234, -127.27262115478516, -124.81039428710938, -126.74263763427734, -124.32350158691406, -99.34612274169922, -87.32884979248047, -0.30528804659843445, -0.19698800146579742], 'masked_q_values': [-124.95967864990234, -1000000000.0, -1000000000.0, -1000000000.0, -1000000000.0, -1000000000.0, -1000000000.0, -1000000000.0, -1000000000.0], 'action_mask': [1, 0, 0, 0, 0, 0, 0, 0, 0], 'density_penalties': {}}, {'agent_id': 9, 'node': 8118847126, 'goal': 11932907537, 'current_target': 11932907537, 'committed_next': None, 'candidates': [], 'q_values': [151.47714233398438, 157.1637420654297, 151.91053771972656, 154.7220001220703, 153.92510986328125, 110.21569061279297, 109.31184387207031, -0.38055095076560974, -0.03112800419330597], 'masked_q_values': [151.47714233398438, -1000000000.0, -1000000000.0, -1000000000.0, -1000000000.0, -1000000000.0, -1000000000.0, -1000000000.0, -1000000000.0], 'action_mask': [1, 0, 0, 0, 0, 0, 0, 0, 0], 'density_penalties': {}}, {'agent_id': 11, 'node': 6983069890, 'goal': 10276852290, 'current_target': 10276852290, 'committed_next': None, 'candidates': [], 'q_values': [-131.98046875, -134.83309936523438, -132.16177368164062, -134.10577392578125, -131.53887939453125, -105.23489379882812, -92.26676940917969, -0.30036693811416626, -0.18572042882442474], 'masked_q_values': [-131.98046875, -1000000000.0, -1000000000.0, -1000000000.0, -1000000000.0, -1000000000.0, -1000000000.0, -1000000000.0, -1000000000.0], 'action_mask': [1, 0, 0, 0, 0, 0, 0, 0, 0], 'density_penalties': {}}, {'agent_id': 15, 'node': 5808050701, 'goal': 10276852290, 'current_target': 10276852290, 'committed_next': None, 'candidates': [], 'q_values': [-133.08737182617188, -134.937744140625, -132.8509521484375, -135.36273193359375, -132.58941650390625, -105.73641204833984, -95.28087615966797, -0.31640952825546265, 0.006011739373207092], 'masked_q_values': [-133.08737182617188, -1000000000.0, -1000000000.0, -1000000000.0, -1000000000.0, -1000000000.0, -1000000000.0, -1000000000.0, -1000000000.0], 'action_mask': [1, 0, 0, 0, 0, 0, 0, 0, 0], 'density_penalties': {}}, {'agent_id': 16, 'node': 10276852269, 'goal': 10276852290, 'current_target': 10276852290, 'committed_next': None, 'candidates': [], 'q_values': [-65.44296264648438, -63.87390899658203, -63.4782829284668, -65.07352447509766, -61.32160186767578, -45.74977493286133, -40.53052520751953, -0.23999634385108948, 0.7139050960540771], 'masked_q_values': [-65.44296264648438, -1000000000.0, -1000000000.0, -1000000000.0, -1000000000.0, -1000000000.0, -1000000000.0, -1000000000.0, -1000000000.0], 'action_mask': [1, 0, 0, 0, 0, 0, 0, 0, 0], 'density_penalties': {}}, {'agent_id': 20, 'node': 12099975239, 'goal': 8119358121, 'current_target': 8119358121, 'committed_next': None, 'candidates': [], 'q_values': [-140.85855102539062, -144.09388732910156, -140.9265594482422, -143.18075561523438, -140.1846160888672, -111.98824310302734, -99.54267120361328, -0.3013242483139038, -0.045005932450294495], 'masked_q_values': [-140.85855102539062, -1000000000.0, -1000000000.0, -1000000000.0, -1000000000.0, -1000000000.0, -1000000000.0, -1000000000.0, -1000000000.0], 'action_mask': [1, 0, 0, 0, 0, 0, 0, 0, 0], 'density_penalties': {}}, {'agent_id': 21, 'node': 83560917, 'goal': 10216185928, 'current_target': 10216185928, 'committed_next': None, 'candidates': [], 'q_values': [-136.98829650878906, -139.76930236816406, -136.7874755859375, -138.94210815429688, -136.3241424560547, -109.63252258300781, -97.60367584228516, -0.2591403126716614, 0.08422486484050751], 'masked_q_values': [-136.98829650878906, -1000000000.0, -1000000000.0, -1000000000.0, -1000000000.0, -1000000000.0, -1000000000.0, -1000000000.0, -1000000000.0], 'action_mask': [1, 0, 0, 0, 0, 0, 0, 0, 0], 'density_penalties': {}}, {'agent_id': 27, 'node': 10776294950, 'goal': 12601745439, 'current_target': 12601745439, 'committed_next': None, 'candidates': [], 'q_values': [-139.34024047851562, -142.74606323242188, -139.5124053955078, -141.42840576171875, -138.61953735351562, -110.95368957519531, -98.09137725830078, -0.26763254404067993, -0.05098618566989899], 'masked_q_values': [-139.34024047851562, -1000000000.0, -1000000000.0, -1000000000.0, -1000000000.0, -1000000000.0, -1000000000.0, -1000000000.0, -1000000000.0], 'action_mask': [1, 0, 0, 0, 0, 0, 0, 0, 0], 'density_penalties': {}}, {'agent_id': 29, 'node': 11548117325, 'goal': 10276852290, 'current_target': 10276852290, 'committed_next': None, 'candidates': [], 'q_values': [-143.4464874267578, -147.0457305908203, -143.76107788085938, -146.0367889404297, -142.945068359375, -114.31883239746094, -101.39330291748047, -0.35715439915657043, -0.08018513023853302], 'masked_q_values': [-143.4464874267578, -1000000000.0, -1000000000.0, -1000000000.0, -1000000000.0, -1000000000.0, -1000000000.0, -1000000000.0, -1000000000.0], 'action_mask': [1, 0, 0, 0, 0, 0, 0, 0, 0], 'density_penalties': {}}, {'agent_id': 31, 'node': 11812719006, 'goal': 10276852290, 'current_target': 10276852290, 'committed_next': None, 'candidates': [], 'q_values': [-4.573923110961914, -0.5297467708587646, -0.5492997169494629, -4.387645721435547, -0.09880757331848145, 3.741870880126953, -1.123718500137329, -1.048166036605835, 0.40765219926834106], 'masked_q_values': [-4.573923110961914, -1000000000.0, -1000000000.0, -1000000000.0, -1000000000.0, -1000000000.0, -1000000000.0, -1000000000.0, -1000000000.0], 'action_mask': [1, 0, 0, 0, 0, 0, 0, 0, 0], 'density_penalties': {}}, {'agent_id': 32, 'node': 1526930861, 'goal': 12601745439, 'current_target': 12601745439, 'committed_next': None, 'candidates': [], 'q_values': [-32.36552810668945, -29.34601593017578, -29.606355667114258, -30.06659507751465, -27.244354248046875, -20.22480010986328, -19.087791442871094, -0.21137425303459167, 1.0645071268081665], 'masked_q_values': [-32.36552810668945, -1000000000.0, -1000000000.0, -1000000000.0, -1000000000.0, -1000000000.0, -1000000000.0, -1000000000.0, -1000000000.0], 'action_mask': [1, 0, 0, 0, 0, 0, 0, 0, 0], 'density_penalties': {}}, {'agent_id': 35, 'node': 83560917, 'goal': 10216185928, 'current_target': 10216185928, 'committed_next': None, 'candidates': [], 'q_values': [-135.68785095214844, -138.61012268066406, -135.65576171875, -137.6879425048828, -135.06716918945312, -108.54517364501953, -96.24759674072266, -0.26786261796951294, 0.030760154128074646], 'masked_q_values': [-135.68785095214844, -1000000000.0, -1000000000.0, -1000000000.0, -1000000000.0, -1000000000.0, -1000000000.0, -1000000000.0, -1000000000.0], 'action_mask': [1, 0, 0, 0, 0, 0, 0, 0, 0], 'density_penalties': {}}]"
enterprise_blizzard_extreme,20260241,drqn,600,55,18,43.489,1.0,0.3273,43.489,,,0.5714,0.2,0.3714,6658251934->6055513162:67;6055513162->6658251934:67;11256530515->11256530519:43;11256530519->11256530515:43;1527763449->1527763448:42;1527763448->1527763449:42;6218110418->6218110419:41;6218110419->6218110418:41;10565807352->7256764700:41;5271377401->5271377399:41,,,0.4545,11,1.0,1,0.0,2,,,0.3333,6,0.0,2,1.0,4,0.0,1,0.0,1,0.1,10,,,0.3333,6,1.0,1,0.5,2,0.25,4,0.0,1,,,0.0,1,0.3143,35,0.2,10,0.3333,3,0.5714,7,0,False,False,0.0,2,"[{'agent_id': 2, 'node': 1527763449, 'goal': 11812718897, 'current_target': 11812718897, 'committed_next': None, 'candidates': [], 'q_values': [92.27960968017578, 94.9147720336914, 93.62982177734375, 95.54724884033203, 97.36454010009766, 74.43065643310547, 69.26144409179688, -0.9309302568435669, 0.2936747074127197], 'masked_q_values': [92.27960968017578, -1000000000.0, -1000000000.0, -1000000000.0, -1000000000.0, -1000000000.0, -1000000000.0, -1000000000.0, -1000000000.0], 'action_mask': [1, 0, 0, 0, 0, 0, 0, 0, 0], 'density_penalties': {}}, {'agent_id': 4, 'node': 10942323996, 'goal': 11812718897, 'current_target': 11812718897, 'committed_next': None, 'candidates': [], 'q_values': [77.83361053466797, 80.824951171875, 78.48600769042969, 79.32151794433594, 81.22786712646484, 65.92837524414062, 59.06330490112305, -0.8769460916519165, 0.4898655414581299], 'masked_q_values': [77.83361053466797, -1000000000.0, -1000000000.0, -1000000000.0, -1000000000.0, -1000000000.0, -1000000000.0, -1000000000.0, -1000000000.0], 'action_mask': [1, 0, 0, 0, 0, 0, 0, 0, 0], 'density_penalties': {}}, {'agent_id': 6, 'node': 7256764700, 'goal': 10550646562, 'current_target': 10550646562, 'committed_next': None, 'candidates': [], 'q_values': [-145.14601135253906, -148.7074432373047, -145.35523986816406, -147.7239532470703, -144.7639923095703, -116.05448150634766, -102.48273468017578, -0.3124491572380066, -0.01682431995868683], 'masked_q_values': [-145.14601135253906, -1000000000.0, -1000000000.0, -1000000000.0, -1000000000.0, -1000000000.0, -1000000000.0, -1000000000.0, -1000000000.0], 'action_mask': [1, 0, 0, 0, 0, 0, 0, 0, 0], 'density_penalties': {}}, {'agent_id': 7, 'node': 1519095245, 'goal': 1526930595, 'current_target': 1526930595, 'committed_next': None, 'candidates': [], 'q_values': [19.848405838012695, 23.929330825805664, 24.20085334777832, 23.38268280029297, 24.929162979125977, 16.93838119506836, 15.485590934753418, -1.1262620687484741, -0.15234388411045074], 'masked_q_values': [19.848405838012695, -1000000000.0, -1000000000.0, -1000000000.0, -1000000000.0, -1000000000.0, -1000000000.0, -1000000000.0, -1000000000.0], 'action_mask': [1, 0, 0, 0, 0, 0, 0, 0, 0], 'density_penalties': {}}, {'agent_id': 9, 'node': 5271377408, 'goal': 11812718897, 'current_target': 11812718897, 'committed_next': None, 'candidates': [], 'q_values': [153.7452392578125, 159.33506774902344, 153.77322387695312, 156.06797790527344, 154.88096618652344, 114.44339752197266, 110.04644012451172, -0.6259229183197021, 0.04142181575298309], 'masked_q_values': [153.7452392578125, -1000000000.0, -1000000000.0, -1000000000.0, -1000000000.0, -1000000000.0, -1000000000.0, -1000000000.0, -1000000000.0], 'action_mask': [1, 0, 0, 0, 0, 0, 0, 0, 0], 'density_penalties': {}}, {'agent_id': 10, 'node': 10276868732, 'goal': 1526930595, 'current_target': 1526930595, 'committed_next': None, 'candidates': [], 'q_values': [-129.3365020751953, -131.51315307617188, -129.24163818359375, -131.20159912109375, -128.64404296875, -102.88638305664062, -91.31043243408203, -0.29205840826034546, -0.1378398984670639], 'masked_q_values': [-129.3365020751953, -1000000000.0, -1000000000.0, -1000000000.0, -1000000000.0, -1000000000.0, -1000000000.0, -1000000000.0, -1000000000.0], 'action_mask': [1, 0, 0, 0, 0, 0, 0, 0, 0], 'density_penalties': {}}, {'agent_id': 11, 'node': 6658251934, 'goal': 11812718897, 'current_target': 11812718897, 'committed_next': None, 'candidates': [], 'q_values': [66.92980194091797, 70.65485382080078, 68.14973449707031, 68.35446166992188, 70.47291564941406, 59.0628776550293, 51.67873001098633, -0.9010136127471924, 0.46378493309020996], 'masked_q_values': [66.92980194091797, -1000000000.0, -1000000000.0, -1000000000.0, -1000000000.0, -1000000000.0, -1000000000.0, -1000000000.0, -1000000000.0], 'action_mask': [1, 0, 0, 0, 0, 0, 0, 0, 0], 'density_penalties': {}}, {'agent_id': 13, 'node': 10216185986, 'goal': 6620771274, 'current_target': 6620771274, 'committed_next': None, 'candidates': [], 'q_values': [67.92567443847656, 71.77606201171875, 72.18565368652344, 71.9057846069336, 73.70590209960938, 54.2475471496582, 52.226539611816406, -1.165511131286621, 0.10453668236732483], 'masked_q_values': [67.92567443847656, -1000000000.0, -1000000000.0, -1000000000.0, -1000000000.0, -1000000000.0, -1000000000.0, -1000000000.0, -1000000000.0], 'action_mask': [1, 0, 0, 0, 0, 0, 0, 0, 0], 'density_penalties': {}}, {'agent_id': 14, 'node': 11402143364, 'goal': 10216185948, 'current_target': 10216185948, 'committed_next': None, 'candidates': [], 'q_values': [-144.58970642089844, -148.1409454345703, -144.82630920410156, -147.2772674560547, -144.2943115234375, -115.62155151367188, -102.16004180908203, -0.31601083278656006, -0.03645677864551544], 'masked_q_values': [-144.58970642089844, -1000000000.0, -1000000000.0, -1000000000.0, -1000000000.0, -1000000000.0, -1000000000.0, -1000000000.0, -1000000000.0], 'action_mask': [1, 0, 0, 0, 0, 0, 0, 0, 0], 'density_penalties': {}}, {'agent_id': 15, 'node': 5975149465, 'goal': 10550646562, 'current_target': 10550646562, 'committed_next': None, 'candidates': [], 'q_values': [-139.17864990234375, -142.6028594970703, -139.53414916992188, -141.875, -138.97586059570312, -110.8887710571289, -98.24180603027344, -0.31657177209854126, -0.16595198214054108], 'masked_q_values': [-139.17864990234375, -1000000000.0, -1000000000.0, -1000000000.0, -1000000000.0, -1000000000.0, -1000000000.0, -1000000000.0, -1000000000.0], 'action_mask': [1, 0, 0, 0, 0, 0, 0, 0, 0], 'density_penalties': {}}, {'agent_id': 16, 'node': 5968045253, 'goal': 10550646562, 'current_target': 10550646562, 'committed_next': None, 'candidates': [], 'q_values': [-137.5277862548828, -140.75782775878906, -137.7099609375, -140.16371154785156, -137.16009521484375, -109.42320251464844, -97.05986785888672, -0.27054187655448914, -0.14671410620212555], 'masked_q_values': [-137.5277862548828, -1000000000.0, -1000000000.0, -1000000000.0, -1000000000.0, -1000000000.0, -1000000000.0, -1000000000.0, -1000000000.0], 'action_mask': [1, 0, 0, 0, 0, 0, 0, 0, 0], 'density_penalties': {}}, {'agent_id': 17, 'node': 10216185986, 'goal': 10216185948, 'current_target': 10216185948, 'committed_next': None, 'candidates': [], 'q_values': [-14.055506706237793, -10.640984535217285, -11.401481628417969, -12.39617919921875, -9.476190567016602, -6.987673759460449, -8.579580307006836, -0.46203726530075073, 0.9738149642944336], 'masked_q_values': [-14.055506706237793, -1000000000.0, -1000000000.0, -1000000000.0, -1000000000.0, -1000000000.0, -1000000000.0, -1000000000.0, -1000000000.0], 'action_mask': [1, 0, 0, 0, 0, 0, 0, 0, 0], 'density_penalties': {}}, {'agent_id': 21, 'node': 10565223839, 'goal': 10216185948, 'current_target': 10216185948, 'committed_next': None, 'candidates': [], 'q_values': [-143.88328552246094, -147.40469360351562, -144.05996704101562, -146.365966796875, -143.2759246826172, -114.70655822753906, -101.87979888916016, -0.2980028986930847, -0.03287820518016815], 'masked_q_values': [-143.88328552246094, -1000000000.0, -1000000000.0, -1000000000.0, -1000000000.0, -1000000000.0, -1000000000.0, -1000000000.0, -1000000000.0], 'action_mask': [1, 0, 0, 0, 0, 0, 0, 0, 0], 'density_penalties': {}}, {'agent_id': 25, 'node': 5271377484, 'goal': 1526930595, 'current_target': 1526930595, 'committed_next': None, 'candidates': [], 'q_values': [77.3339614868164, 81.229248046875, 78.5351333618164, 79.18071746826172, 82.5860595703125, 57.4697151184082, 58.296607971191406, -0.917678713798523, 0.116265669465065], 'masked_q_values': [77.3339614868164, -1000000000.0, -1000000000.0, -1000000000.0, -1000000000.0, -1000000000.0, -1000000000.0, -1000000000.0, -1000000000.0], 'action_mask': [1, 0, 0, 0, 0, 0, 0, 0, 0], 'density_penalties': {}}, {'agent_id': 28, 'node': 11256530515, 'goal': 10550646562, 'current_target': 10550646562, 'committed_next': None, 'candidates': [], 'q_values': [-139.8715362548828, -143.2513427734375, -140.11781311035156, -142.28897094726562, -139.47171020507812, -111.62870025634766, -98.559326171875, -0.27709752321243286, -0.08917705714702606], 'masked_q_values': [-139.8715362548828, -1000000000.0, -1000000000.0, -1000000000.0, -1000000000.0, -1000000000.0, -1000000000.0, -1000000000.0, -1000000000.0], 'action_mask': [1, 0, 0, 0, 0, 0, 0, 0, 0], 'density_penalties': {}}, {'agent_id': 29, 'node': 8118847040, 'goal': 10216185948, 'current_target': 10216185948, 'committed_next': None, 'candidates': [], 'q_values': [129.06141662597656, 133.23751831054688, 130.57275390625, 132.7001495361328, 134.8535919189453, 94.95043182373047, 93.9298324584961, -0.5899348258972168, -0.07852514088153839], 'masked_q_values': [129.06141662597656, -1000000000.0, -1000000000.0, -1000000000.0, -1000000000.0, -1000000000.0, -1000000000.0, -1000000000.0, -1000000000.0], 'action_mask': [1, 0, 0, 0, 0, 0, 0, 0, 0], 'density_penalties': {}}, {'agent_id': 30, 'node': 2245577254, 'goal': 6620771274, 'current_target': 6620771274, 'committed_next': None, 'candidates': [], 'q_values': [35.51604080200195, 39.83517837524414, 39.02228927612305, 37.600433349609375, 39.92500305175781, 30.936355590820312, 27.02828025817871, -1.1991204023361206, 0.0747155100107193], 'masked_q_values': [35.51604080200195, -1000000000.0, -1000000000.0, -1000000000.0, -1000000000.0, -1000000000.0, -1000000000.0, -1000000000.0, -1000000000.0], 'action_mask': [1, 0, 0, 0, 0, 0, 0, 0, 0], 'density_penalties': {}}, {'agent_id': 31, 'node': 7245509795, 'goal': 6620771274, 'current_target': 6620771274, 'committed_next': None, 'candidates': [], 'q_values': [41.77847671508789, 46.053260803222656, 45.51059341430664, 44.90972137451172, 46.66852569580078, 33.067440032958984, 32.911888122558594, -1.190696358680725, 0.15165622532367706], 'masked_q_values': [41.77847671508789, -1000000000.0, -1000000000.0, -1000000000.0, -1000000000.0, -1000000000.0, -1000000000.0, -1000000000.0, -1000000000.0], 'action_mask': [1, 0, 0, 0, 0, 0, 0, 0, 0], 'density_penalties': {}}, {'agent_id': 35, 'node': 1803915697, 'goal': 13255088075, 'current_target': 13255088075, 'committed_next': None, 'candidates': [], 'q_values': [-143.02587890625, -146.4949188232422, -143.23716735839844, -145.31922912597656, -142.61151123046875, -114.49047088623047, -100.94261932373047, -0.2883005142211914, 0.016042932868003845], 'masked_q_values': [-143.02587890625, -1000000000.0, -1000000000.0, -1000000000.0, -1000000000.0, -1000000000.0, -1000000000.0, -1000000000.0, -1000000000.0], 'action_mask': [1, 0, 0, 0, 0, 0, 0, 0, 0], 'density_penalties': {}}, {'agent_id': 36, 'node': 11256530515, 'goal': 10216185948, 'current_target': 10216185948, 'committed_next': None, 'candidates': [], 'q_values': [-141.03085327148438, -144.0541534423828, -141.21298217773438, -143.59603881835938, -140.706298828125, -112.19802856445312, -100.1445083618164, -0.33572471141815186, -0.03048671782016754], 'masked_q_values': [-141.03085327148438, -1000000000.0, -1000000000.0, -1000000000.0, -1000000000.0, -1000000000.0, -1000000000.0, -1000000000.0, -1000000000.0], 'action_mask': [1, 0, 0, 0, 0, 0, 0, 0, 0], 'density_penalties': {}}, {'agent_id': 37, 'node': 5612743600, 'goal': 1526930595, 'current_target': 1526930595, 'committed_next': None, 'candidates': [], 'q_values': [-129.56240844726562, -132.34707641601562, -129.6988525390625, -131.86813354492188, -129.42169189453125, -103.1216049194336, -90.77360534667969, -0.3101741075515747, -0.15848489105701447], 'masked_q_values': [-129.56240844726562, -1000000000.0, -1000000000.0, -1000000000.0, -1000000000.0, -1000000000.0, -1000000000.0, -1000000000.0, -1000000000.0], 'action_mask': [1, 0, 0, 0, 0, 0, 0, 0, 0], 'density_penalties': {}}, {'agent_id': 38, 'node': 8118847124, 'goal': 11812718897, 'current_target': 11812718897, 'committed_next': None, 'candidates': [], 'q_values': [144.65286254882812, 149.2878875732422, 146.21688842773438, 148.76278686523438, 148.8616943359375, 111.08885955810547, 103.96372985839844, -0.6308860778808594, 0.047908052802085876], 'masked_q_values': [144.65286254882812, -1000000000.0, -1000000000.0, -1000000000.0, -1000000000.0, -1000000000.0, -1000000000.0, -1000000000.0, -1000000000.0], 'action_mask': [1, 0, 0, 0, 0, 0, 0, 0, 0], 'density_penalties': {}}]"
enterprise_blizzard_extreme,20260242,drqn,600,55,29,35.6035,1.0,0.5273,35.6035,,,0.6667,0.7333,-0.0667,10171975048->5691979581:53;5691979581->10171975048:52;12053725114->12053677158:47;12053677158->12053725114:47;11626217462->11626217464:45;11626217464->11626217462:45;1832170520->384764381:42;384764381->1832170520:42;5112556790->11811080558:34;11811080558->5112556790:33,0.0,1,0.5,10,,,1.0,3,,,1.0,1,0.8,5,0.5,2,0.5,2,0.2,5,0.3333,3,,,0.3636,11,1.0,3,,,1.0,2,0.5,2,1.0,2,0.0,3,0.4286,28,0.7333,15,0.0,3,0.6667,9,0,False,False,,,"[{'agent_id': 7, 'node': 8072761007, 'goal': 12779957447, 'current_target': 12779957447, 'committed_next': None, 'candidates': [], 'q_values': [-42.08576583862305, -39.133575439453125, -38.59999084472656, -41.07466125488281, -37.28273010253906, -28.169906616210938, -25.352846145629883, -0.41456881165504456, 0.894915759563446], 'masked_q_values': [-42.08576583862305, -1000000000.0, -1000000000.0, -1000000000.0, -1000000000.0, -1000000000.0, -1000000000.0, -1000000000.0, -1000000000.0], 'action_mask': [1, 0, 0, 0, 0, 0, 0, 0, 0], 'density_penalties': {}}, {'agent_id': 8, 'node': 7014028887, 'goal': 83556534, 'current_target': 83556534, 'committed_next': None, 'candidates': [], 'q_values': [-121.0707015991211, -123.39683532714844, -120.80199432373047, -122.57088470458984, -120.51038360595703, -95.6072769165039, -83.90428924560547, -0.3030397593975067, -0.12361131608486176], 'masked_q_values': [-121.0707015991211, -1000000000.0, -1000000000.0, -1000000000.0, -1000000000.0, -1000000000.0, -1000000000.0, -1000000000.0, -1000000000.0], 'action_mask': [1, 0, 0, 0, 0, 0, 0, 0, 0], 'density_penalties': {}}, {'agent_id': 12, 'node': 7671131572, 'goal': 83556534, 'current_target': 83556534, 'committed_next': None, 'candidates': [], 'q_values': [79.44673919677734, 83.9692153930664, 82.62376403808594, 81.63712310791016, 83.59554290771484, 63.17887878417969, 60.228729248046875, -1.1775046586990356, 0.03757409751415253], 'masked_q_values': [79.44673919677734, -1000000000.0, -1000000000.0, -1000000000.0, -1000000000.0, -1000000000.0, -1000000000.0, -1000000000.0, -1000000000.0], 'action_mask': [1, 0, 0, 0, 0, 0, 0, 0, 0], 'density_penalties': {}}, {'agent_id': 13, 'node': 4950055517, 'goal': 12606353057, 'current_target': 12606353057, 'committed_next': None, 'candidates': [], 'q_values': [54.556488037109375, 58.8527946472168, 56.23247146606445, 53.52153396606445, 55.982505798339844, 40.080142974853516, 38.23474884033203, -1.4580318927764893, -0.39793628454208374], 'masked_q_values': [54.556488037109375, -1000000000.0, -1000000000.0, -1000000000.0, -1000000000.0, -1000000000.0, -1000000000.0, -1000000000.0, -1000000000.0], 'action_mask': [1, 0, 0, 0, 0, 0, 0, 0, 0], 'density_penalties': {}}, {'agent_id': 18, 'node': 12053725090, 'goal': 11353322017, 'current_target': 11353322017, 'committed_next': None, 'candidates': [], 'q_values': [82.14403533935547, 84.99617767333984, 84.98458099365234, 85.80210876464844, 87.80858612060547, 67.53399658203125, 62.759788513183594, -0.9695186614990234, 0.313118577003479], 'masked_q_values': [82.14403533935547, -1000000000.0, -1000000000.0, -1000000000.0, -1000000000.0, -1000000000.0, -1000000000.0, -1000000000.0, -1000000000.0], 'action_mask': [1, 0, 0, 0, 0, 0, 0, 0, 0], 'density_penalties': {}}, {'agent_id': 24, 'node': 1530414045, 'goal': 1859112588, 'current_target': 1859112588, 'committed_next': None, 'candidates': [], 'q_values': [61.618106842041016, 66.38272857666016, 63.13491439819336, 62.254737854003906, 63.94721984863281, 55.236793518066406, 47.519569396972656, -1.0002244710922241, 0.5118451118469238], 'masked_q_values': [61.618106842041016, -1000000000.0, -1000000000.0, -1000000000.0, -1000000000.0, -1000000000.0, -1000000000.0, -1000000000.0, -1000000000.0], 'action_mask': [1, 0, 0, 0, 0, 0, 0, 0, 0], 'density_penalties': {}}, {'agent_id': 25, 'node': 384764335, 'goal': 11353322017, 'current_target': 11353322017, 'committed_next': None, 'candidates': [], 'q_values': [55.52424240112305, 58.605594635009766, 58.27060317993164, 58.714447021484375, 61.902191162109375, 47.49086380004883, 43.75562286376953, -0.9953086376190186, 0.2630629539489746], 'masked_q_values': [55.52424240112305, -1000000000.0, -1000000000.0, -1000000000.0, -1000000000.0, -1000000000.0, -1000000000.0, -1000000000.0, -1000000000.0], 'action_mask': [1, 0, 0, 0, 0, 0, 0, 0, 0], 'density_penalties': {}}, {'agent_id': 29, 'node': 10554882354, 'goal': 12606353057, 'current_target': 12606353057, 'committed_next': None, 'candidates': [], 'q_values': [99.05992889404297, 104.53253936767578, 99.86691284179688, 95.24239349365234, 97.3385238647461, 71.5215072631836, 70.24739837646484, -1.2446410655975342, -0.2636563181877136], 'masked_q_values': [99.05992889404297, -1000000000.0, -1000000000.0, -1000000000.0, -1000000000.0, -1000000000.0, -1000000000.0, -1000000000.0, -1000000000.0], 'action_mask': [1, 0, 0, 0, 0, 0, 0, 0, 0], 'density_penalties': {}}, {'agent_id': 34, 'node': 1530457306, 'goal': 11353322017, 'current_target': 11353322017, 'committed_next': None, 'candidates': [], 'q_values': [67.1095199584961, 71.24214935302734, 68.49873352050781, 68.16677856445312, 70.17572784423828, 59.272518157958984, 51.823699951171875, -0.9423259496688843, 0.46794962882995605], 'masked_q_values': [67.1095199584961, -1000000000.0, -1000000000.0, -1000000000.0, -1000000000.0, -1000000000.0, -1000000000.0, -1000000000.0, -1000000000.0], 'action_mask': [1, 0, 0, 0, 0, 0, 0, 0, 0], 'density_penalties': {}}, {'agent_id': 37, 'node': 7013124775, 'goal': 12606353057, 'current_target': 12606353057, 'committed_next': None, 'candidates': [], 'q_values': [-87.4421615600586, -87.24773406982422, -86.9859619140625, -89.69115447998047, -86.23468780517578, -66.0566177368164, -59.493865966796875, -0.3017505407333374, 0.3856724500656128], 'masked_q_values': [-87.4421615600586, -1000000000.0, -1000000000.0, -1000000000.0, -1000000000.0, -1000000000.0, -1000000000.0, -1000000000.0, -1000000000.0], 'action_mask': [1, 0, 0, 0, 0, 0, 0, 0, 0], 'density_penalties': {}}, {'agent_id': 38, 'node': 11811080558, 'goal': 1859112588, 'current_target': 1859112588, 'committed_next': None, 'candidates': [], 'q_values': [58.659854888916016, 64.3855972290039, 63.795494079589844, 58.559268951416016, 60.84563446044922, 51.63590621948242, 41.338016510009766, -1.3733848333358765, 0.02093254029750824], 'masked_q_values': [58.659854888916016, -1000000000.0, -1000000000.0, -1000000000.0, -1000000000.0, -1000000000.0, -1000000000.0, -1000000000.0, -1000000000.0], 'action_mask': [1, 0, 0, 0, 0, 0, 0, 0, 0], 'density_penalties': {}}, {'agent_id': 39, 'node': 8118847377, 'goal': 6005135088, 'current_target': 6005135088, 'committed_next': None, 'candidates': [], 'q_values': [86.27307891845703, 89.2906723022461, 89.48367309570312, 90.87944030761719, 93.91832733154297, 68.68984985351562, 66.33697509765625, -0.8048117160797119, 0.027321264147758484], 'masked_q_values': [86.27307891845703, -1000000000.0, -1000000000.0, -1000000000.0, -1000000000.0, -1000000000.0, -1000000000.0, -1000000000.0, -1000000000.0], 'action_mask': [1, 0, 0, 0, 0, 0, 0, 0, 0], 'density_penalties': {}}]"
enterprise_blizzard_extreme,20260243,drqn,600,55,34,34.7319,1.0,0.6182,34.7319,,,0.7273,0.6,0.1273,1467764536->1525461742:19;1525461742->1467764536:18;11571706269->11548970575:9;6983068173->1530249034:9;10216186103->1519089984:9;6612285892->1400559638:8;6983068101->6983068173:7;1530249034->1530249024:7;1519095221->8580601217:7;6620771273->10550646564:6,1.0,2,0.6667,6,0.0,1,0.0,1,0.5,2,0.5,2,0.6,5,0.75,4,1.0,2,0.5,6,0.6667,6,,,0.2857,7,1.0,2,,,0.0,1,1.0,2,1.0,1,1.0,1,0.5769,26,0.6,15,0.6667,3,0.7273,11,0,False,False,0.75,4,"[{'agent_id': 8, 'node': 1519095231, 'goal': 12507265538, 'current_target': 12507265538, 'committed_next': None, 'candidates': [], 'q_values': [90.73052215576172, 95.80638885498047, 92.45210266113281, 88.16331481933594, 90.3066635131836, 68.38418579101562, 64.43399047851562, -1.331895351409912, -0.25320911407470703], 'masked_q_values': [90.73052215576172, -1000000000.0, -1000000000.0, -1000000000.0, -1000000000.0, -1000000000.0, -1000000000.0, -1000000000.0, -1000000000.0], 'action_mask': [1, 0, 0, 0, 0, 0, 0, 0, 0], 'density_penalties': {}}, {'agent_id': 17, 'node': 1530225594, 'goal': 12053725085, 'current_target': 12053725085, 'committed_next': None, 'candidates': [], 'q_values': [33.40456771850586, 37.88835906982422, 36.94446563720703, 34.16233444213867, 35.8975944519043, 23.025318145751953, 23.25043296813965, -1.216315507888794, -0.08851008117198944], 'masked_q_values': [33.40456771850586, -1000000000.0, -1000000000.0, -1000000000.0, -1000000000.0, -1000000000.0, -1000000000.0, -1000000000.0, -1000000000.0], 'action_mask': [1, 0, 0, 0, 0, 0, 0, 0, 0], 'density_penalties': {}}, {'agent_id': 18, 'node': 10206561238, 'goal': 1530249024, 'current_target': 1530249024, 'committed_next': None, 'candidates': [], 'q_values': [69.92253875732422, 74.71094512939453, 73.205322265625, 70.15000915527344, 72.2190933227539, 53.781097412109375, 50.50126266479492, -1.4415078163146973, -0.2108139842748642], 'masked_q_values': [69.92253875732422, -1000000000.0, -1000000000.0, -1000000000.0, -1000000000.0, -1000000000.0, -1000000000.0, -1000000000.0, -1000000000.0], 'action_mask': [1, 0, 0, 0, 0, 0, 0, 0, 0], 'density_penalties': {}}, {'agent_id': 19, 'node': 10206561238, 'goal': 1530249024, 'current_target': 1530249024, 'committed_next': None, 'candidates': [], 'q_values': [-21.71261978149414, -18.232486724853516, -18.60852813720703, -20.481491088867188, -18.233259201049805, -10.46894645690918, -12.153164863586426, -0.31410327553749084, 0.7066047191619873], 'masked_q_values': [-21.71261978149414, -1000000000.0, -1000000000.0, -1000000000.0, -1000000000.0, -1000000000.0, -1000000000.0, -1000000000.0, -1000000000.0], 'action_mask': [1, 0, 0, 0, 0, 0, 0, 0, 0], 'density_penalties': {}}, {'agent_id': 23, 'node': 1400441845, 'goal': 1400559638, 'current_target': 1400559638, 'committed_next': None, 'candidates': [], 'q_values': [-130.7252197265625, -133.6884765625, -130.81777954101562, -132.91860961914062, -130.37808227539062, -103.9882583618164, -91.49828338623047, -0.296955943107605, -0.15655003488063812], 'masked_q_values': [-130.7252197265625, -1000000000.0, -1000000000.0, -1000000000.0, -1000000000.0, -1000000000.0, -1000000000.0, -1000000000.0, -1000000000.0], 'action_mask': [1, 0, 0, 0, 0, 0, 0, 0, 0], 'density_penalties': {}}, {'agent_id': 24, 'node': 1467764536, 'goal': 11379749715, 'current_target': 11379749715, 'committed_next': None, 'candidates': [], 'q_values': [58.31760787963867, 62.83574676513672, 61.711978912353516, 60.68206787109375, 61.97709274291992, 42.845699310302734, 43.9265251159668, -1.216478943824768, -0.03358948230743408], 'masked_q_values': [58.31760787963867, -1000000000.0, -1000000000.0, -1000000000.0, -1000000000.0, -1000000000.0, -1000000000.0, -1000000000.0, -1000000000.0], 'action_mask': [1, 0, 0, 0, 0, 0, 0, 0, 0], 'density_penalties': {}}]"
enterprise_blizzard_extreme,20260244,drqn,600,55,27,74.2773,1.0,0.4909,74.2773,,,0.4,0.5,-0.1,7252947894->7252947910:88;7252947910->7252947894:87;7252947888->7252947889:61;7252947889->7252947888:59;1859112715->384769121:45;384769121->1859112715:45;11256530520->83658406:42;83658406->11256530520:41;11812718733->9068696323:38;9068696323->11812718733:37,0.5,2,0.4667,15,0.5,2,0.3333,3,,,1.0,1,0.0,2,1.0,2,,,0.75,4,0.4545,11,,,0.6667,6,,,0.0,1,0.0,1,0.0,1,0.5,2,,,0.5135,37,0.5,12,0.0,1,0.4,5,0,False,False,0.5,2,"[{'agent_id': 1, 'node': 12222711974, 'goal': 1525435905, 'current_target': 1525435905, 'committed_next': None, 'candidates': [], 'q_values': [-145.92041015625, -149.47569274902344, -146.48428344726562, -148.8069305419922, -146.20143127441406, -117.09566497802734, -102.95193481445312, -0.32057610154151917, -0.0722711831331253], 'masked_q_values': [-145.92041015625, -1000000000.0, -1000000000.0, -1000000000.0, -1000000000.0, -1000000000.0, -1000000000.0, -1000000000.0, -1000000000.0], 'action_mask': [1, 0, 0, 0, 0, 0, 0, 0, 0], 'density_penalties': {}}, {'agent_id': 2, 'node': 1525461644, 'goal': 1525435905, 'current_target': 1525435905, 'committed_next': None, 'candidates': [], 'q_values': [-153.31808471679688, -156.9320831298828, -153.90997314453125, -156.19992065429688, -153.5216827392578, -122.87397003173828, -108.53277587890625, -0.25761398673057556, 0.06992067396640778], 'masked_q_values': [-153.31808471679688, -1000000000.0, -1000000000.0, -1000000000.0, -1000000000.0, -1000000000.0, -1000000000.0, -1000000000.0, -1000000000.0], 'action_mask': [1, 0, 0, 0, 0, 0, 0, 0, 0], 'density_penalties': {}}, {'agent_id': 11, 'node': 7011373330, 'goal': 1525435905, 'current_target': 1525435905, 'committed_next': None, 'candidates': [], 'q_values': [-153.5417938232422, -157.29258728027344, -154.2000732421875, -155.92628479003906, -153.23342895507812, -122.63886260986328, -108.4915542602539, -0.28297388553619385, 0.11344040930271149], 'masked_q_values': [-153.5417938232422, -1000000000.0, -1000000000.0, -1000000000.0, -1000000000.0, -1000000000.0, -1000000000.0, -1000000000.0, -1000000000.0], 'action_mask': [1, 0, 0, 0, 0, 0, 0, 0, 0], 'density_penalties': {}}, {'agent_id': 19, 'node': 1525435896, 'goal': 1525435905, 'current_target': 1525435905, 'committed_next': None, 'candidates': [], 'q_values': [-149.74075317382812, -153.4808807373047, -150.11328125, -152.65679931640625, -150.09841918945312, -120.37581634521484, -105.68370056152344, -0.2996519207954407, 0.017917975783348083], 'masked_q_values': [-149.74075317382812, -1000000000.0, -1000000000.0, -1000000000.0, -1000000000.0, -1000000000.0, -1000000000.0, -1000000000.0, -1000000000.0], 'action_mask': [1, 0, 0, 0, 0, 0, 0, 0, 0], 'density_penalties': {}}, {'agent_id': 21, 'node': 6642222413, 'goal': 1400581573, 'current_target': 1400581573, 'committed_next': None, 'candidates': [], 'q_values': [-154.28836059570312, -158.00689697265625, -154.78305053710938, -156.68304443359375, -153.99118041992188, -123.37887573242188, -109.16937255859375, -0.27038848400115967, 0.13684506714344025], 'masked_q_values': [-154.28836059570312, -1000000000.0, -1000000000.0, -1000000000.0, -1000000000.0, -1000000000.0, -1000000000.0, -1000000000.0, -1000000000.0], 'action_mask': [1, 0, 0, 0, 0, 0, 0, 0, 0], 'density_penalties': {}}, {'agent_id': 22, 'node': 7298535201, 'goal': 1400581573, 'current_target': 1400581573, 'committed_next': None, 'candidates': [], 'q_values': [-152.87635803222656, -156.68487548828125, -153.60763549804688, -155.29409790039062, -152.51919555664062, -122.0491714477539, -108.10480499267578, -0.31836163997650146, 0.0782461017370224], 'masked_q_values': [-152.87635803222656, -1000000000.0, -1000000000.0, -1000000000.0, -1000000000.0, -1000000000.0, -1000000000.0, -1000000000.0, -1000000000.0], 'action_mask': [1, 0, 0, 0, 0, 0, 0, 0, 0], 'density_penalties': {}}, {'agent_id': 23, 'node': 11378648974, 'goal': 11548117314, 'current_target': 11548117314, 'committed_next': None, 'candidates': [], 'q_values': [41.92115783691406, 45.79251480102539, 44.36394119262695, 44.006256103515625, 46.56727600097656, 36.89997863769531, 32.62579345703125, -1.1679680347442627, 0.21780647337436676], 'masked_q_values': [41.92115783691406, -1000000000.0, -1000000000.0, -1000000000.0, -1000000000.0, -1000000000.0, -1000000000.0, -1000000000.0, -1000000000.0], 'action_mask': [1, 0, 0, 0, 0, 0, 0, 0, 0], 'density_penalties': {}}, {'agent_id': 26, 'node': 1525435896, 'goal': 1525435905, 'current_target': 1525435905, 'committed_next': None, 'candidates': [], 'q_values': [-145.62518310546875, -149.20021057128906, -146.06790161132812, -148.65576171875, -146.2606201171875, -117.2367172241211, -102.71646881103516, -0.36517056822776794, 0.03041018545627594], 'masked_q_values': [-145.62518310546875, -1000000000.0, -1000000000.0, -1000000000.0, -1000000000.0, -1000000000.0, -1000000000.0, -1000000000.0, -1000000000.0], 'action_mask': [1, 0, 0, 0, 0, 0, 0, 0, 0], 'density_penalties': {}}, {'agent_id': 29, 'node': 11963678445, 'goal': 1525435905, 'current_target': 1525435905, 'committed_next': None, 'candidates': [], 'q_values': [-153.68035888671875, -157.3875732421875, -154.32830810546875, -156.1117401123047, -153.4464111328125, -122.81005096435547, -108.58235931396484, -0.2738562226295471, 0.11016403138637543], 'masked_q_values': [-153.68035888671875, -1000000000.0, -1000000000.0, -1000000000.0, -1000000000.0, -1000000000.0, -1000000000.0, -1000000000.0, -1000000000.0], 'action_mask': [1, 0, 0, 0, 0, 0, 0, 0, 0], 'density_penalties': {}}, {'agent_id': 36, 'node': 10215084896, 'goal': 8118847337, 'current_target': 8118847337, 'committed_next': None, 'candidates': [], 'q_values': [40.67259979248047, 45.761566162109375, 45.29905319213867, 41.310707092285156, 43.88853073120117, 36.429744720458984, 29.11133575439453, -1.3597887754440308, -0.02797652781009674], 'masked_q_values': [40.67259979248047, -1000000000.0, -1000000000.0, -1000000000.0, -1000000000.0, -1000000000.0, -1000000000.0, -1000000000.0, -1000000000.0], 'action_mask': [1, 0, 0, 0, 0, 0, 0, 0, 0], 'density_penalties': {}}, {'agent_id': 38, 'node': 9068696323, 'goal': 1525435905, 'current_target': 1525435905, 'committed_next': None, 'candidates': [], 'q_values': [-155.1435089111328, -159.00245666503906, -155.78140258789062, -158.09173583984375, -155.04872131347656, -124.25788879394531, -110.48859405517578, -0.3685467541217804, 0.07952933013439178], 'masked_q_values': [-155.1435089111328, -1000000000.0, -1000000000.0, -1000000000.0, -1000000000.0, -1000000000.0, -1000000000.0, -1000000000.0, -1000000000.0], 'action_mask': [1, 0, 0, 0, 0, 0, 0, 0, 0], 'density_penalties': {}}, {'agent_id': 39, 'node': 83658406, 'goal': 1530414056, 'current_target': 1530414056, 'committed_next': None, 'candidates': [], 'q_values': [-153.6814422607422, -157.48712158203125, -154.31802368164062, -156.5281982421875, -153.51084899902344, -122.82872772216797, -109.43473052978516, -0.3381198048591614, 0.06114266812801361], 'masked_q_values': [-153.6814422607422, -1000000000.0, -1000000000.0, -1000000000.0, -1000000000.0, -1000000000.0, -1000000000.0, -1000000000.0, -1000000000.0], 'action_mask': [1, 0, 0, 0, 0, 0, 0, 0, 0], 'density_penalties': {}}, {'agent_id': 40, 'node': 6642222413, 'goal': 1525435905, 'current_target': 1525435905, 'committed_next': None, 'candidates': [], 'q_values': [-155.771728515625, -159.44549560546875, -156.2088623046875, -158.3289337158203, -155.57635498046875, -124.6344985961914, -110.08597564697266, -0.2707163095474243, 0.15455131232738495], 'masked_q_values': [-155.771728515625, -1000000000.0, -1000000000.0, -1000000000.0, -1000000000.0, -1000000000.0, -1000000000.0, -1000000000.0, -1000000000.0], 'action_mask': [1, 0, 0, 0, 0, 0, 0, 0, 0], 'density_penalties': {}}]"
enterprise_blizzard_extreme,20260245,drqn,600,55,29,44.5589,1.0,0.5273,44.5589,,,1.0,0.5882,0.4118,1616750086->1616750087:141;1616750087->1616750086:141;6620771275->6620771274:61;6620771274->6620771275:61;10125220352->10125220351:50;10125220351->10125220352:49;5233943916->5233944721:44;5233944721->5233943916:43;11577641196->11577641197:40;11577641197->11577641196:39,,,0.2727,11,0.0,2,0.4,5,,,0.0,2,1.0,2,1.0,5,0.0,2,0.8571,7,0.6667,6,,,0.5714,7,1.0,1,,,0.0,1,1.0,1,,,,,0.3667,30,0.5882,17,,,1.0,8,0,False,False,0.3333,3,"[{'agent_id': 3, 'node': 4119764189, 'goal': 8119358124, 'current_target': 8119358124, 'committed_next': None, 'candidates': [], 'q_values': [-107.1769027709961, -108.43163299560547, -106.2578125, -106.37825012207031, -104.6754379272461, -85.19341278076172, -74.50459289550781, -0.29971927404403687, 0.11536680161952972], 'masked_q_values': [-107.1769027709961, -1000000000.0, -1000000000.0, -1000000000.0, -1000000000.0, -1000000000.0, -1000000000.0, -1000000000.0, -1000000000.0], 'action_mask': [1, 0, 0, 0, 0, 0, 0, 0, 0], 'density_penalties': {}}, {'agent_id': 4, 'node': 10125220351, 'goal': 12954702508, 'current_target': 12954702508, 'committed_next': None, 'candidates': [], 'q_values': [-141.07046508789062, -144.3618927001953, -141.37413024902344, -143.6981201171875, -141.0009765625, -112.90503692626953, -99.00727844238281, -0.2420898973941803, -0.07323111593723297], 'masked_q_values': [-141.07046508789062, -1000000000.0, -1000000000.0, -1000000000.0, -1000000000.0, -1000000000.0, -1000000000.0, -1000000000.0, -1000000000.0], 'action_mask': [1, 0, 0, 0, 0, 0, 0, 0, 0], 'density_penalties': {}}, {'agent_id': 8, 'node': 6612285898, 'goal': 6612285897, 'current_target': 6612285897, 'committed_next': None, 'candidates': [], 'q_values': [-138.75172424316406, -141.96542358398438, -139.0506591796875, -141.41311645507812, -138.56735229492188, -110.63948822021484, -97.67139434814453, -0.26680833101272583, -0.14826427400112152], 'masked_q_values': [-138.75172424316406, -1000000000.0, -1000000000.0, -1000000000.0, -1000000000.0, -1000000000.0, -1000000000.0, -1000000000.0, -1000000000.0], 'action_mask': [1, 0, 0, 0, 0, 0, 0, 0, 0], 'density_penalties': {}}, {'agent_id': 10, 'node': 1519085831, 'goal': 12954702508, 'current_target': 12954702508, 'committed_next': None, 'candidates': [], 'q_values': [65.04582214355469, 70.06654357910156, 68.54940795898438, 65.0844955444336, 67.21955108642578, 51.6253547668457, 46.920677185058594, -1.4749112129211426, -0.17824016511440277], 'masked_q_values': [65.04582214355469, -1000000000.0, -1000000000.0, -1000000000.0, -1000000000.0, -1000000000.0, -1000000000.0, -1000000000.0, -1000000000.0], 'action_mask': [1, 0, 0, 0, 0, 0, 0, 0, 0], 'density_penalties': {}}, {'agent_id': 12, 'node': 1519089984, 'goal': 12954702508, 'current_target': 12954702508, 'committed_next': None, 'candidates': [], 'q_values': [63.64287185668945, 68.41291046142578, 67.94844818115234, 65.73768615722656, 67.99065399169922, 53.42599868774414, 47.91341018676758, -1.346410870552063, 0.0668555349111557], 'masked_q_values': [63.64287185668945, -1000000000.0, -1000000000.0, -1000000000.0, -1000000000.0, -1000000000.0, -1000000000.0, -1000000000.0, -1000000000.0], 'action_mask': [1, 0, 0, 0, 0, 0, 0, 0, 0], 'density_penalties': {}}, {'agent_id': 15, 'node': 1616750086, 'goal': 5808050692, 'current_target': 5808050692, 'committed_next': None, 'candidates': [], 'q_values': [54.23544692993164, 58.97740173339844, 54.809635162353516, 54.23807907104492, 55.818729400634766, 49.86942672729492, 42.29032897949219, -0.956133246421814, 0.5510141849517822], 'masked_q_values': [54.23544692993164, -1000000000.0, -1000000000.0, -1000000000.0, -1000000000.0, -1000000000.0, -1000000000.0, -1000000000.0, -1000000000.0], 'action_mask': [1, 0, 0, 0, 0, 0, 0, 0, 0], 'density_penalties': {}}, {'agent_id': 21, 'node': 1616750086, 'goal': 5808050692, 'current_target': 5808050692, 'committed_next': None, 'candidates': [], 'q_values': [51.8962287902832, 56.70392990112305, 52.37397003173828, 51.909446716308594, 53.50537109375, 48.55205535888672, 41.304725646972656, -0.9323718547821045, 0.5398679971694946], 'masked_q_values': [51.8962287902832, -1000000000.0, -1000000000.0, -1000000000.0, -1000000000.0, -1000000000.0, -1000000000.0, -1000000000.0, -1000000000.0], 'action_mask': [1, 0, 0, 0, 0, 0, 0, 0, 0], 'density_penalties': {}}, {'agent_id': 25, 'node': 11577641197, 'goal': 12954702508, 'current_target': 12954702508, 'committed_next': None, 'candidates': [], 'q_values': [-142.0819549560547, -145.31520080566406, -142.30616760253906, -144.4410400390625, -141.93719482421875, -114.17798614501953, -100.4108657836914, -0.25211986899375916, 0.06220300495624542], 'masked_q_values': [-142.0819549560547, -1000000000.0, -1000000000.0, -1000000000.0, -1000000000.0, -1000000000.0, -1000000000.0, -1000000000.0, -1000000000.0], 'action_mask': [1, 0, 0, 0, 0, 0, 0, 0, 0], 'density_penalties': {}}, {'agent_id': 30, 'node': 11280642382, 'goal': 5808050692, 'current_target': 5808050692, 'committed_next': None, 'candidates': [], 'q_values': [46.44585037231445, 51.55687713623047, 50.03116989135742, 47.653900146484375, 50.23542785644531, 43.756343841552734, 35.92741394042969, -1.1015455722808838, 0.20733655989170074], 'masked_q_values': [46.44585037231445, -1000000000.0, -1000000000.0, -1000000000.0, -1000000000.0, -1000000000.0, -1000000000.0, -1000000000.0, -1000000000.0], 'action_mask': [1, 0, 0, 0, 0, 0, 0, 0, 0], 'density_penalties': {}}, {'agent_id': 31, 'node': 2032004955, 'goal': 6612285897, 'current_target': 6612285897, 'committed_next': None, 'candidates': [], 'q_values': [65.7707748413086, 70.49147033691406, 69.23722839355469, 67.753662109375, 69.0514907836914, 50.1801643371582, 49.33550262451172, -1.271445631980896, -0.012509047985076904], 'masked_q_values': [65.7707748413086, -1000000000.0, -1000000000.0, -1000000000.0, -1000000000.0, -1000000000.0, -1000000000.0, -1000000000.0, -1000000000.0], 'action_mask': [1, 0, 0, 0, 0, 0, 0, 0, 0], 'density_penalties': {}}, {'agent_id': 32, 'node': 1832170489, 'goal': 5808050692, 'current_target': 5808050692, 'committed_next': None, 'candidates': [], 'q_values': [61.1349983215332, 63.90509033203125, 63.25951385498047, 64.01918029785156, 67.0584945678711, 51.95307540893555, 47.70692825317383, -0.8812692165374756, 0.3729934096336365], 'masked_q_values': [61.1349983215332, -1000000000.0, -1000000000.0, -1000000000.0, -1000000000.0, -1000000000.0, -1000000000.0, -1000000000.0, -1000000000.0], 'action_mask': [1, 0, 0, 0, 0, 0, 0, 0, 0], 'density_penalties': {}}, {'agent_id': 38, 'node': 4937830297, 'goal': 8119358124, 'current_target': 8119358124, 'committed_next': None, 'candidates': [], 'q_values': [-39.80099868774414, -37.01545333862305, -36.57272720336914, -36.94298553466797, -34.18336486816406, -25.862987518310547, -23.345632553100586, -0.13515877723693848, 1.1604739427566528], 'masked_q_values': [-39.80099868774414, -1000000000.0, -1000000000.0, -1000000000.0, -1000000000.0, -1000000000.0, -1000000000.0, -1000000000.0, -1000000000.0], 'action_mask': [1, 0, 0, 0, 0, 0, 0, 0, 0], 'density_penalties': {}}]"
enterprise_blizzard_extreme,20260246,drqn,600,55,30,33.058,1.0,0.5455,33.058,,,0.4,0.5,-0.1,5808067901->6861207970:71;6861207970->5808067901:69;1530414142->5929354725:49;5929354725->1530414142:49;509912240->7730327571:47;83718230->5112556790:45;5112556790->83718230:45;7987119370->389016170:43;389016170->7987119370:43;7730327571->509912240:42,0.3333,3,0.7,10,1.0,1,0.0,3,0.6667,3,0.6667,6,1.0,1,0.375,8,0.0,1,0.5,4,0.5,2,,,0.5714,7,1.0,1,,,1.0,2,0.0,1,0.5,2,,,0.6,30,0.5,12,0.6667,3,0.4,10,0,False,False,,,"[{'agent_id': 12, 'node': 1525462048, 'goal': 7256764732, 'current_target': 7256764732, 'committed_next': None, 'candidates': [], 'q_values': [56.624290466308594, 61.36540222167969, 59.62542724609375, 58.3820686340332, 60.78547668457031, 51.13787841796875, 44.28880310058594, -0.99676513671875, 0.19866608083248138], 'masked_q_values': [56.624290466308594, -1000000000.0, -1000000000.0, -1000000000.0, -1000000000.0, -1000000000.0, -1000000000.0, -1000000000.0, -1000000000.0], 'action_mask': [1, 0, 0, 0, 0, 0, 0, 0, 0], 'density_penalties': {}}, {'agent_id': 13, 'node': 1530414142, 'goal': 7256764732, 'current_target': 7256764732, 'committed_next': None, 'candidates': [], 'q_values': [73.71122741699219, 78.2139663696289, 76.25372314453125, 75.28416442871094, 77.17402648925781, 64.01457977294922, 56.556907653808594, -1.0391896963119507, 0.45229119062423706], 'masked_q_values': [73.71122741699219, -1000000000.0, -1000000000.0, -1000000000.0, -1000000000.0, -1000000000.0, -1000000000.0, -1000000000.0, -1000000000.0], 'action_mask': [1, 0, 0, 0, 0, 0, 0, 0, 0], 'density_penalties': {}}, {'agent_id': 21, 'node': 7987119374, 'goal': 7256764732, 'current_target': 7256764732, 'committed_next': None, 'candidates': [], 'q_values': [100.33393859863281, 104.85425567626953, 101.3556900024414, 101.29496002197266, 104.26272583007812, 75.48516082763672, 75.60746002197266, -0.8411391973495483, 0.22722642123699188], 'masked_q_values': [100.33393859863281, -1000000000.0, -1000000000.0, -1000000000.0, -1000000000.0, -1000000000.0, -1000000000.0, -1000000000.0, -1000000000.0], 'action_mask': [1, 0, 0, 0, 0, 0, 0, 0, 0], 'density_penalties': {}}, {'agent_id': 23, 'node': 11403450170, 'goal': 7256764732, 'current_target': 7256764732, 'committed_next': None, 'candidates': [], 'q_values': [-125.69818878173828, -128.25917053222656, -125.66752624511719, -127.60318756103516, -125.18374633789062, -99.79803466796875, -87.60951232910156, -0.3185584545135498, -0.2360251098871231], 'masked_q_values': [-125.69818878173828, -1000000000.0, -1000000000.0, -1000000000.0, -1000000000.0, -1000000000.0, -1000000000.0, -1000000000.0, -1000000000.0], 'action_mask': [1, 0, 0, 0, 0, 0, 0, 0, 0], 'density_penalties': {}}, {'agent_id': 24, 'node': 11632220388, 'goal': 8119328788, 'current_target': 8119328788, 'committed_next': None, 'candidates': [], 'q_values': [-78.22200775146484, -77.91703796386719, -76.42767333984375, -76.38227081298828, -73.0461196899414, -56.8996467590332, -50.276695251464844, -0.2740156352519989, 0.6321581602096558], 'masked_q_values': [-78.22200775146484, -1000000000.0, -1000000000.0, -1000000000.0, -1000000000.0, -1000000000.0, -1000000000.0, -1000000000.0, -1000000000.0], 'action_mask': [1, 0, 0, 0, 0, 0, 0, 0, 0], 'density_penalties': {}}, {'agent_id': 30, 'node': 8118847137, 'goal': 7256764732, 'current_target': 7256764732, 'committed_next': None, 'candidates': [], 'q_values': [85.21044158935547, 88.2745590209961, 88.24958038330078, 89.15242767333984, 92.20052337646484, 69.05848693847656, 66.03120422363281, -0.8386499881744385, 0.10326160490512848], 'masked_q_values': [85.21044158935547, -1000000000.0, -1000000000.0, -1000000000.0, -1000000000.0, -1000000000.0, -1000000000.0, -1000000000.0, -1000000000.0], 'action_mask': [1, 0, 0, 0, 0, 0, 0, 0, 0], 'density_penalties': {}}, {'agent_id': 33, 'node': 6861207970, 'goal': 7256764732, 'current_target': 7256764732, 'committed_next': None, 'candidates': [], 'q_values': [-128.16986083984375, -130.92433166503906, -128.25999450683594, -130.36439514160156, -127.85540008544922, -101.70207214355469, -89.7126693725586, -0.31407463550567627, -0.2077666074037552], 'masked_q_values': [-128.16986083984375, -1000000000.0, -1000000000.0, -1000000000.0, -1000000000.0, -1000000000.0, -1000000000.0, -1000000000.0, -1000000000.0], 'action_mask': [1, 0, 0, 0, 0, 0, 0, 0, 0], 'density_penalties': {}}, {'agent_id': 36, 'node': 6612285898, 'goal': 1525462063, 'current_target': 1525462063, 'committed_next': None, 'candidates': [], 'q_values': [-123.79328918457031, -126.04374694824219, -123.95347595214844, -126.05472564697266, -123.59418487548828, -97.94438171386719, -87.08863067626953, -0.3245679438114166, -0.18794839084148407], 'masked_q_values': [-123.79328918457031, -1000000000.0, -1000000000.0, -1000000000.0, -1000000000.0, -1000000000.0, -1000000000.0, -1000000000.0, -1000000000.0], 'action_mask': [1, 0, 0, 0, 0, 0, 0, 0, 0], 'density_penalties': {}}, {'agent_id': 37, 'node': 83583408, 'goal': 7256764732, 'current_target': 7256764732, 'committed_next': None, 'candidates': [], 'q_values': [88.29210662841797, 93.78758239746094, 92.37952423095703, 88.8187255859375, 91.12329864501953, 74.49095153808594, 64.50968170166016, -1.2514008283615112, 0.30034327507019043], 'masked_q_values': [88.29210662841797, -1000000000.0, -1000000000.0, -1000000000.0, -1000000000.0, -1000000000.0, -1000000000.0, -1000000000.0, -1000000000.0], 'action_mask': [1, 0, 0, 0, 0, 0, 0, 0, 0], 'density_penalties': {}}, {'agent_id': 38, 'node': 6861207970, 'goal': 7256764732, 'current_target': 7256764732, 'committed_next': None, 'candidates': [], 'q_values': [-129.9796142578125, -132.95542907714844, -130.14732360839844, -132.24020385742188, -129.73477172851562, -103.43964385986328, -90.86859893798828, -0.32080063223838806, -0.19820667803287506], 'masked_q_values': [-129.9796142578125, -1000000000.0, -1000000000.0, -1000000000.0, -1000000000.0, -1000000000.0, -1000000000.0, -1000000000.0, -1000000000.0], 'action_mask': [1, 0, 0, 0, 0, 0, 0, 0, 0], 'density_penalties': {}}]"
